Sample_Name,DO_mg_per_L,Elapsed_Minute,Methods_Deviation
RS_R01_INC-1,8.95,0,RATE_004
RS_R01_INC-1,8.66,2,N/A
RS_R01_INC-1,8.39,4,N/A
RS_R01_INC-1,8.48,6,N/A
RS_R01_INC-1,8.39,8,N/A
RS_R01_INC-1,8.57,10,N/A
RS_R01_INC-1,8.25,12,N/A
RS_R01_INC-1,8.46,14,N/A
RS_R01_INC-1,8.16,16,N/A
RS_R01_INC-1,8.32,18,N/A
RS_R01_INC-1,8.21,20,N/A
RS_R01_INC-1,8.28,22,N/A
RS_R01_INC-1,8.15,24,N/A
RS_R01_INC-1,8.26,26,N/A
RS_R01_INC-1,8.11,28,N/A
RS_R01_INC-1,8.3,30,N/A
RS_R01_INC-1,8.06,32,N/A
RS_R01_INC-1,8.27,34,N/A
RS_R01_INC-1,8.06,36,N/A
RS_R01_INC-1,8.26,38,N/A
RS_R01_INC-1,8.03,40,N/A
RS_R01_INC-1,8.27,42,N/A
RS_R01_INC-1,7.98,44,N/A
RS_R01_INC-1,8.1,46,N/A
RS_R01_INC-1,8,48,N/A
RS_R01_INC-1,8.11,50,N/A
RS_R01_INC-1,8.02,52,N/A
RS_R01_INC-1,8.16,54,N/A
RS_R01_INC-1,8.02,56,N/A
RS_R01_INC-1,8.08,58,N/A
RS_R01_INC-1,7.98,60,N/A
RS_R01_INC-1,8.06,62,N/A
RS_R01_INC-1,8.03,64,N/A
RS_R01_INC-1,7.95,66,N/A
RS_R01_INC-1,7.96,68,N/A
RS_R01_INC-1,8.1,70,N/A
RS_R01_INC-1,7.83,72,N/A
RS_R01_INC-1,8.11,74,N/A
RS_R01_INC-1,7.86,76,N/A
RS_R01_INC-1,8,78,N/A
RS_R01_INC-1,7.89,80,N/A
RS_R01_INC-1,8,82,N/A
RS_R01_INC-1,7.97,84,N/A
RS_R01_INC-1,7.96,86,N/A
RS_R01_INC-1,7.96,88,N/A
RS_R01_INC-1,7.86,90,N/A
RS_R01_INC-1,7.97,92,N/A
RS_R01_INC-1,7.82,94,N/A
RS_R01_INC-1,7.97,96,N/A
RS_R01_INC-1,7.92,98,N/A
RS_R01_INC-1,7.92,100,N/A
RS_R01_INC-1,7.91,102,N/A
RS_R01_INC-1,8.07,104,N/A
RS_R01_INC-1,7.8,106,N/A
RS_R01_INC-1,8.09,108,N/A
RS_R01_INC-1,7.87,110,N/A
RS_R02_INC-1,8.95,0,RATE_004
RS_R02_INC-1,9.98,2,N/A
RS_R02_INC-1,8.85,4,N/A
RS_R02_INC-1,8.33,6,N/A
RS_R02_INC-1,8.06,8,N/A
RS_R02_INC-1,7.68,10,N/A
RS_R02_INC-1,7.51,12,N/A
RS_R02_INC-1,7.92,14,N/A
RS_R02_INC-1,7.54,16,N/A
RS_R02_INC-1,7.55,18,N/A
RS_R02_INC-1,7.77,20,N/A
RS_R02_INC-1,7.62,22,N/A
RS_R02_INC-1,7.54,24,N/A
RS_R02_INC-1,7.94,26,N/A
RS_R02_INC-1,7.63,28,N/A
RS_R02_INC-1,7.56,30,N/A
RS_R02_INC-1,7.61,32,N/A
RS_R02_INC-1,7.73,34,N/A
RS_R02_INC-1,7.56,36,N/A
RS_R02_INC-1,7.58,38,N/A
RS_R02_INC-1,7.76,40,N/A
RS_R02_INC-1,7.66,42,N/A
RS_R02_INC-1,7.5,44,N/A
RS_R02_INC-1,7.73,46,N/A
RS_R02_INC-1,7.8,48,N/A
RS_R02_INC-1,7.52,50,N/A
RS_R02_INC-1,7.71,52,N/A
RS_R02_INC-1,7.6,54,N/A
RS_R02_INC-1,7.48,56,N/A
RS_R02_INC-1,7.54,58,N/A
RS_R02_INC-1,7.84,60,N/A
RS_R02_INC-1,7.52,62,N/A
RS_R02_INC-1,7.44,64,N/A
RS_R02_INC-1,7.7,66,N/A
RS_R02_INC-1,7.55,68,N/A
RS_R02_INC-1,7.77,70,N/A
RS_R02_INC-1,7.6,72,N/A
RS_R02_INC-1,7.47,74,N/A
RS_R02_INC-1,7.71,76,N/A
RS_R02_INC-1,7.57,78,N/A
RS_R02_INC-1,7.55,80,N/A
RS_R02_INC-1,7.83,82,N/A
RS_R02_INC-1,7.47,84,N/A
RS_R02_INC-1,7.78,86,N/A
RS_R02_INC-1,7.52,88,N/A
RS_R02_INC-1,7.4,90,N/A
RS_R02_INC-1,7.67,92,N/A
RS_R02_INC-1,7.75,94,N/A
RS_R02_INC-1,7.5,96,N/A
RS_R02_INC-1,7.6,98,N/A
RS_R02_INC-1,7.63,100,N/A
RS_R02_INC-1,7.54,102,N/A
RS_R02_INC-1,7.7,104,N/A
RS_R02_INC-1,7.58,106,N/A
RS_R02_INC-1,7.38,108,N/A
RS_R02_INC-1,7.54,110,N/A
RS_R03_INC-1,8.95,0,RATE_004
RS_R03_INC-1,6.97,2,RATE_006
RS_R03_INC-1,6.87,4,N/A
RS_R03_INC-1,6.75,6,N/A
RS_R03_INC-1,6.9,8,N/A
RS_R03_INC-1,6.87,10,N/A
RS_R03_INC-1,6.73,12,N/A
RS_R03_INC-1,6.88,14,N/A
RS_R03_INC-1,6.83,16,N/A
RS_R03_INC-1,6.94,18,N/A
RS_R03_INC-1,6.8,20,N/A
RS_R03_INC-1,6.71,22,N/A
RS_R03_INC-1,6.58,24,N/A
RS_R03_INC-1,6.83,26,N/A
RS_R03_INC-1,6.78,28,N/A
RS_R03_INC-1,6.69,30,N/A
RS_R03_INC-1,6.66,32,N/A
RS_R03_INC-1,6.72,34,N/A
RS_R03_INC-1,6.82,36,N/A
RS_R03_INC-1,6.76,38,N/A
RS_R03_INC-1,6.71,40,N/A
RS_R03_INC-1,6.67,42,N/A
RS_R03_INC-1,6.8,44,N/A
RS_R03_INC-1,6.82,46,N/A
RS_R03_INC-1,6.69,48,N/A
RS_R03_INC-1,6.6,50,N/A
RS_R03_INC-1,6.75,52,N/A
RS_R03_INC-1,6.74,54,N/A
RS_R03_INC-1,6.77,56,N/A
RS_R03_INC-1,6.8,58,N/A
RS_R03_INC-1,6.76,60,N/A
RS_R03_INC-1,6.73,62,N/A
RS_R03_INC-1,6.64,64,N/A
RS_R03_INC-1,6.59,66,N/A
RS_R03_INC-1,6.65,68,N/A
RS_R03_INC-1,6.6,70,N/A
RS_R03_INC-1,6.65,72,N/A
RS_R03_INC-1,6.71,74,N/A
RS_R03_INC-1,6.82,76,N/A
RS_R03_INC-1,6.86,78,N/A
RS_R03_INC-1,6.77,80,N/A
RS_R03_INC-1,6.67,82,N/A
RS_R03_INC-1,6.56,84,N/A
RS_R03_INC-1,6.67,86,N/A
RS_R03_INC-1,6.71,88,N/A
RS_R03_INC-1,6.65,90,N/A
RS_R03_INC-1,6.75,92,N/A
RS_R03_INC-1,6.82,94,N/A
RS_R03_INC-1,6.76,96,N/A
RS_R03_INC-1,6.77,98,N/A
RS_R03_INC-1,6.67,100,N/A
RS_R03_INC-1,6.58,102,N/A
RS_R03_INC-1,6.58,104,N/A
RS_R03_INC-1,6.69,106,N/A
RS_R03_INC-1,6.81,108,N/A
RS_R03_INC-1,6.81,110,N/A
RS_R04_INC-1,8.95,0,RATE_004
RS_R04_INC-1,8.48,2,N/A
RS_R04_INC-1,8.34,4,N/A
RS_R04_INC-1,8.53,6,N/A
RS_R04_INC-1,8.23,8,N/A
RS_R04_INC-1,8.35,10,N/A
RS_R04_INC-1,8.15,12,N/A
RS_R04_INC-1,8.29,14,N/A
RS_R04_INC-1,8.12,16,N/A
RS_R04_INC-1,8.26,18,N/A
RS_R04_INC-1,8.14,20,N/A
RS_R04_INC-1,8.11,22,N/A
RS_R04_INC-1,8.17,24,N/A
RS_R04_INC-1,7.98,26,N/A
RS_R04_INC-1,8.16,28,N/A
RS_R04_INC-1,8,30,N/A
RS_R04_INC-1,8.11,32,N/A
RS_R04_INC-1,7.96,34,N/A
RS_R04_INC-1,8.06,36,N/A
RS_R04_INC-1,7.89,38,N/A
RS_R04_INC-1,7.98,40,N/A
RS_R04_INC-1,7.94,42,N/A
RS_R04_INC-1,8.01,44,N/A
RS_R04_INC-1,7.93,46,N/A
RS_R04_INC-1,7.96,48,N/A
RS_R04_INC-1,8.03,50,N/A
RS_R04_INC-1,7.86,52,N/A
RS_R04_INC-1,8.02,54,N/A
RS_R04_INC-1,7.84,56,N/A
RS_R04_INC-1,8.02,58,N/A
RS_R04_INC-1,7.86,60,N/A
RS_R04_INC-1,7.92,62,N/A
RS_R04_INC-1,7.86,64,N/A
RS_R04_INC-1,7.9,66,N/A
RS_R04_INC-1,7.95,68,N/A
RS_R04_INC-1,7.77,70,N/A
RS_R04_INC-1,7.9,72,N/A
RS_R04_INC-1,7.82,74,N/A
RS_R04_INC-1,7.81,76,N/A
RS_R04_INC-1,7.92,78,N/A
RS_R04_INC-1,7.78,80,N/A
RS_R04_INC-1,7.86,82,N/A
RS_R04_INC-1,7.87,84,N/A
RS_R04_INC-1,7.75,86,N/A
RS_R04_INC-1,7.86,88,N/A
RS_R04_INC-1,7.75,90,N/A
RS_R04_INC-1,7.93,92,N/A
RS_R04_INC-1,7.81,94,N/A
RS_R04_INC-1,7.79,96,N/A
RS_R04_INC-1,7.87,98,N/A
RS_R04_INC-1,7.71,100,N/A
RS_R04_INC-1,7.86,102,N/A
RS_R04_INC-1,7.8,104,N/A
RS_R04_INC-1,7.73,106,N/A
RS_R04_INC-1,7.9,108,N/A
RS_R04_INC-1,7.8,110,N/A
RS_R05_INC-1,8.95,0,RATE_004
RS_R05_INC-1,8.66,2,RATE_006
RS_R05_INC-1,8,4,N/A
RS_R05_INC-1,8.11,6,N/A
RS_R05_INC-1,7.91,8,N/A
RS_R05_INC-1,8.08,10,N/A
RS_R05_INC-1,8.16,12,N/A
RS_R05_INC-1,8.08,14,N/A
RS_R05_INC-1,8.02,16,N/A
RS_R05_INC-1,7.73,18,N/A
RS_R05_INC-1,8.07,20,N/A
RS_R05_INC-1,8.02,22,N/A
RS_R05_INC-1,8.07,24,N/A
RS_R05_INC-1,8.12,26,N/A
RS_R05_INC-1,8,28,N/A
RS_R05_INC-1,8.16,30,N/A
RS_R05_INC-1,7.94,32,N/A
RS_R05_INC-1,8,34,N/A
RS_R05_INC-1,7.79,36,N/A
RS_R05_INC-1,7.92,38,N/A
RS_R05_INC-1,7.89,40,N/A
RS_R05_INC-1,7.91,42,N/A
RS_R05_INC-1,7.75,44,N/A
RS_R05_INC-1,7.98,46,N/A
RS_R05_INC-1,7.94,48,N/A
RS_R05_INC-1,8.05,50,N/A
RS_R05_INC-1,7.98,52,N/A
RS_R05_INC-1,7.72,54,N/A
RS_R05_INC-1,7.91,56,N/A
RS_R05_INC-1,7.71,58,N/A
RS_R05_INC-1,7.92,60,N/A
RS_R05_INC-1,7.9,62,N/A
RS_R05_INC-1,7.84,64,N/A
RS_R05_INC-1,7.88,66,N/A
RS_R05_INC-1,7.85,68,N/A
RS_R05_INC-1,7.91,70,N/A
RS_R05_INC-1,8.06,72,N/A
RS_R05_INC-1,7.76,74,N/A
RS_R05_INC-1,7.87,76,N/A
RS_R05_INC-1,7.91,78,N/A
RS_R05_INC-1,8,80,N/A
RS_R05_INC-1,7.84,82,N/A
RS_R05_INC-1,7.87,84,N/A
RS_R05_INC-1,8.01,86,N/A
RS_R05_INC-1,7.92,88,N/A
RS_R05_INC-1,7.83,90,N/A
RS_R05_INC-1,7.92,92,N/A
RS_R05_INC-1,7.8,94,N/A
RS_R05_INC-1,8.05,96,N/A
RS_R05_INC-1,8,98,N/A
RS_R05_INC-1,7.78,100,N/A
RS_R05_INC-1,8.02,102,N/A
RS_R05_INC-1,8.02,104,N/A
RS_R05_INC-1,7.91,106,N/A
RS_R05_INC-1,8.01,108,N/A
RS_R05_INC-1,7.92,110,N/A
RS_R06_INC-1,8.95,0,RATE_004
RS_R06_INC-1,8.4,2,RATE_006
RS_R06_INC-1,7.78,4,N/A
RS_R06_INC-1,7.83,6,N/A
RS_R06_INC-1,8.12,8,N/A
RS_R06_INC-1,7.88,10,N/A
RS_R06_INC-1,7.91,12,N/A
RS_R06_INC-1,7.67,14,N/A
RS_R06_INC-1,8.03,16,N/A
RS_R06_INC-1,7.9,18,N/A
RS_R06_INC-1,7.72,20,N/A
RS_R06_INC-1,7.62,22,N/A
RS_R06_INC-1,7.66,24,N/A
RS_R06_INC-1,7.64,26,N/A
RS_R06_INC-1,7.62,28,N/A
RS_R06_INC-1,7.67,30,N/A
RS_R06_INC-1,7.68,32,N/A
RS_R06_INC-1,7.6,34,N/A
RS_R06_INC-1,7.52,36,N/A
RS_R06_INC-1,7.68,38,N/A
RS_R06_INC-1,7.52,40,N/A
RS_R06_INC-1,7.64,42,N/A
RS_R06_INC-1,7.52,44,N/A
RS_R06_INC-1,7.52,46,N/A
RS_R06_INC-1,7.53,48,N/A
RS_R06_INC-1,7.47,50,N/A
RS_R06_INC-1,7.53,52,N/A
RS_R06_INC-1,7.46,54,N/A
RS_R06_INC-1,7.47,56,N/A
RS_R06_INC-1,7.51,58,N/A
RS_R06_INC-1,7.47,60,N/A
RS_R06_INC-1,7.47,62,N/A
RS_R06_INC-1,7.38,64,N/A
RS_R06_INC-1,7.43,66,N/A
RS_R06_INC-1,7.38,68,N/A
RS_R06_INC-1,7.54,70,N/A
RS_R06_INC-1,7.36,72,N/A
RS_R06_INC-1,7.46,74,N/A
RS_R06_INC-1,7.46,76,N/A
RS_R06_INC-1,7.42,78,N/A
RS_R06_INC-1,7.39,80,N/A
RS_R06_INC-1,7.51,82,N/A
RS_R06_INC-1,7.37,84,N/A
RS_R06_INC-1,7.33,86,N/A
RS_R06_INC-1,7.27,88,N/A
RS_R06_INC-1,7.39,90,N/A
RS_R06_INC-1,7.34,92,N/A
RS_R06_INC-1,7.3,94,N/A
RS_R06_INC-1,7.42,96,N/A
RS_R06_INC-1,7.33,98,N/A
RS_R06_INC-1,7.29,100,N/A
RS_R06_INC-1,7.36,102,N/A
RS_R06_INC-1,7.4,104,N/A
RS_R06_INC-1,7.32,106,N/A
RS_R06_INC-1,7.26,108,N/A
RS_R06_INC-1,7.37,110,N/A
RS_R07_INC-1,8.95,0,RATE_004
RS_R07_INC-1,8.07,2,RATE_006
RS_R07_INC-1,8.95,4,N/A
RS_R07_INC-1,7.77,6,N/A
RS_R07_INC-1,7.77,8,N/A
RS_R07_INC-1,7.99,10,N/A
RS_R07_INC-1,7.95,12,N/A
RS_R07_INC-1,8.47,14,N/A
RS_R07_INC-1,8.3,16,N/A
RS_R07_INC-1,8.05,18,N/A
RS_R07_INC-1,8.56,20,N/A
RS_R07_INC-1,8.22,22,N/A
RS_R07_INC-1,7.86,24,N/A
RS_R07_INC-1,8.42,26,N/A
RS_R07_INC-1,8.11,28,N/A
RS_R07_INC-1,7.86,30,N/A
RS_R07_INC-1,8.45,32,N/A
RS_R07_INC-1,7.98,34,N/A
RS_R07_INC-1,7.9,36,N/A
RS_R07_INC-1,8.23,38,N/A
RS_R07_INC-1,8.17,40,N/A
RS_R07_INC-1,7.83,42,N/A
RS_R07_INC-1,8.29,44,N/A
RS_R07_INC-1,8.03,46,N/A
RS_R07_INC-1,8.01,48,N/A
RS_R07_INC-1,8.1,50,N/A
RS_R07_INC-1,7.79,52,N/A
RS_R07_INC-1,8.05,54,N/A
RS_R07_INC-1,7.68,56,N/A
RS_R07_INC-1,7.92,58,N/A
RS_R07_INC-1,7.58,60,N/A
RS_R07_INC-1,7.98,62,N/A
RS_R07_INC-1,7.83,64,N/A
RS_R07_INC-1,8.21,66,N/A
RS_R07_INC-1,7.85,68,N/A
RS_R07_INC-1,7.72,70,N/A
RS_R07_INC-1,7.54,72,N/A
RS_R07_INC-1,8.04,74,N/A
RS_R07_INC-1,8.11,76,N/A
RS_R07_INC-1,7.49,78,N/A
RS_R07_INC-1,7.9,80,N/A
RS_R07_INC-1,7.92,82,N/A
RS_R07_INC-1,7.87,84,N/A
RS_R07_INC-1,7.49,86,N/A
RS_R07_INC-1,8.13,88,N/A
RS_R07_INC-1,7.58,90,N/A
RS_R07_INC-1,7.88,92,N/A
RS_R07_INC-1,7.43,94,N/A
RS_R07_INC-1,7.71,96,N/A
RS_R07_INC-1,7.85,98,N/A
RS_R07_INC-1,7.29,100,N/A
RS_R07_INC-1,7.9,102,N/A
RS_R07_INC-1,7.95,104,N/A
RS_R07_INC-1,7.68,106,N/A
RS_R07_INC-1,7.44,108,N/A
RS_R07_INC-1,7.99,110,N/A
RS_S01_INC-1,9.09,0,RATE_004
RS_S01_INC-1,7.86,2,RATE_006
RS_S01_INC-1,7.8,4,N/A
RS_S01_INC-1,7.88,6,N/A
RS_S01_INC-1,7.73,8,N/A
RS_S01_INC-1,7.69,10,N/A
RS_S01_INC-1,7.69,12,N/A
RS_S01_INC-1,7.72,14,N/A
RS_S01_INC-1,7.78,16,N/A
RS_S01_INC-1,7.77,18,N/A
RS_S01_INC-1,7.83,20,N/A
RS_S01_INC-1,7.72,22,N/A
RS_S01_INC-1,7.76,24,N/A
RS_S01_INC-1,7.86,26,N/A
RS_S01_INC-1,7.84,28,N/A
RS_S01_INC-1,7.75,30,N/A
RS_S01_INC-1,7.81,32,N/A
RS_S01_INC-1,7.83,34,N/A
RS_S01_INC-1,7.79,36,N/A
RS_S01_INC-1,7.73,38,N/A
RS_S01_INC-1,7.92,40,N/A
RS_S01_INC-1,7.81,42,N/A
RS_S01_INC-1,7.82,44,N/A
RS_S01_INC-1,7.8,46,N/A
RS_S01_INC-1,7.88,48,N/A
RS_S01_INC-1,7.9,50,N/A
RS_S01_INC-1,7.84,52,N/A
RS_S01_INC-1,7.8,54,N/A
RS_S01_INC-1,7.92,56,N/A
RS_S01_INC-1,7.96,58,N/A
RS_S01_INC-1,7.88,60,N/A
RS_S01_INC-1,7.79,62,N/A
RS_S01_INC-1,7.86,64,N/A
RS_S01_INC-1,7.89,66,N/A
RS_S01_INC-1,7.8,68,N/A
RS_S01_INC-1,7.79,70,N/A
RS_S01_INC-1,7.92,72,N/A
RS_S01_INC-1,7.89,74,N/A
RS_S01_INC-1,7.81,76,N/A
RS_S01_INC-1,7.74,78,N/A
RS_S01_INC-1,7.91,80,N/A
RS_S01_INC-1,7.83,82,N/A
RS_S01_INC-1,7.84,84,N/A
RS_S01_INC-1,7.77,86,N/A
RS_S01_INC-1,7.9,88,N/A
RS_S01_INC-1,7.9,90,N/A
RS_S01_INC-1,7.87,92,N/A
RS_S01_INC-1,7.8,94,N/A
RS_S01_INC-1,7.87,96,N/A
RS_S01_INC-1,7.95,98,N/A
RS_S01_INC-1,7.85,100,N/A
RS_S01_INC-1,7.83,102,N/A
RS_S01_INC-1,7.83,104,N/A
RS_S01_INC-1,7.9,106,N/A
RS_S01_INC-1,7.86,108,N/A
RS_S01_INC-1,7.82,110,N/A
RS_S02_INC-1,9.09,0,RATE_004
RS_S02_INC-1,7.76,2,RATE_006
RS_S02_INC-1,7.63,4,N/A
RS_S02_INC-1,7.57,6,N/A
RS_S02_INC-1,7.46,8,N/A
RS_S02_INC-1,7.46,10,N/A
RS_S02_INC-1,7.45,12,N/A
RS_S02_INC-1,7.47,14,N/A
RS_S02_INC-1,7.47,16,N/A
RS_S02_INC-1,7.47,18,N/A
RS_S02_INC-1,7.46,20,N/A
RS_S02_INC-1,7.4,22,N/A
RS_S02_INC-1,7.48,24,N/A
RS_S02_INC-1,7.55,26,N/A
RS_S02_INC-1,7.45,28,N/A
RS_S02_INC-1,7.52,30,N/A
RS_S02_INC-1,7.52,32,N/A
RS_S02_INC-1,7.38,34,N/A
RS_S02_INC-1,7.41,36,N/A
RS_S02_INC-1,7.5,38,N/A
RS_S02_INC-1,7.33,40,N/A
RS_S02_INC-1,7.42,42,N/A
RS_S02_INC-1,7.42,44,N/A
RS_S02_INC-1,7.38,46,N/A
RS_S02_INC-1,7.41,48,N/A
RS_S02_INC-1,7.4,50,N/A
RS_S02_INC-1,7.35,52,N/A
RS_S02_INC-1,7.49,54,N/A
RS_S02_INC-1,7.35,56,N/A
RS_S02_INC-1,7.34,58,N/A
RS_S02_INC-1,7.52,60,N/A
RS_S02_INC-1,7.35,62,N/A
RS_S02_INC-1,7.42,64,N/A
RS_S02_INC-1,7.45,66,N/A
RS_S02_INC-1,7.35,68,N/A
RS_S02_INC-1,7.4,70,N/A
RS_S02_INC-1,7.38,72,N/A
RS_S02_INC-1,7.35,74,N/A
RS_S02_INC-1,7.4,76,N/A
RS_S02_INC-1,7.35,78,N/A
RS_S02_INC-1,7.34,80,N/A
RS_S02_INC-1,7.45,82,N/A
RS_S02_INC-1,7.38,84,N/A
RS_S02_INC-1,7.4,86,N/A
RS_S02_INC-1,7.45,88,N/A
RS_S02_INC-1,7.36,90,N/A
RS_S02_INC-1,7.38,92,N/A
RS_S02_INC-1,7.39,94,N/A
RS_S02_INC-1,7.37,96,N/A
RS_S02_INC-1,7.35,98,N/A
RS_S02_INC-1,7.31,100,N/A
RS_S02_INC-1,7.38,102,N/A
RS_S02_INC-1,7.4,104,N/A
RS_S02_INC-1,7.29,106,N/A
RS_S02_INC-1,7.37,108,N/A
RS_S02_INC-1,7.5,110,N/A
RS_S03_INC-1,9.09,0,RATE_004
RS_S03_INC-1,8.83,2,RATE_006
RS_S03_INC-1,8.8,4,N/A
RS_S03_INC-1,8.73,6,N/A
RS_S03_INC-1,8.89,8,N/A
RS_S03_INC-1,8.89,10,N/A
RS_S03_INC-1,8.86,12,N/A
RS_S03_INC-1,8.86,14,N/A
RS_S03_INC-1,8.95,16,N/A
RS_S03_INC-1,8.92,18,N/A
RS_S03_INC-1,8.89,20,N/A
RS_S03_INC-1,8.87,22,N/A
RS_S03_INC-1,8.92,24,N/A
RS_S03_INC-1,8.84,26,N/A
RS_S03_INC-1,8.92,28,N/A
RS_S03_INC-1,8.94,30,N/A
RS_S03_INC-1,8.91,32,N/A
RS_S03_INC-1,8.85,34,N/A
RS_S03_INC-1,8.8,36,N/A
RS_S03_INC-1,8.9,38,N/A
RS_S03_INC-1,8.87,40,N/A
RS_S03_INC-1,8.88,42,N/A
RS_S03_INC-1,8.95,44,N/A
RS_S03_INC-1,8.85,46,N/A
RS_S03_INC-1,8.86,48,N/A
RS_S03_INC-1,8.87,50,N/A
RS_S03_INC-1,8.94,52,N/A
RS_S03_INC-1,8.84,54,N/A
RS_S03_INC-1,8.81,56,N/A
RS_S03_INC-1,8.92,58,N/A
RS_S03_INC-1,8.84,60,N/A
RS_S03_INC-1,8.85,62,N/A
RS_S03_INC-1,8.89,64,N/A
RS_S03_INC-1,8.91,66,N/A
RS_S03_INC-1,8.77,68,N/A
RS_S03_INC-1,8.98,70,N/A
RS_S03_INC-1,8.91,72,N/A
RS_S03_INC-1,8.88,74,N/A
RS_S03_INC-1,8.91,76,N/A
RS_S03_INC-1,8.96,78,N/A
RS_S03_INC-1,8.87,80,N/A
RS_S03_INC-1,8.82,82,N/A
RS_S03_INC-1,8.9,84,N/A
RS_S03_INC-1,8.86,86,N/A
RS_S03_INC-1,8.83,88,N/A
RS_S03_INC-1,8.94,90,N/A
RS_S03_INC-1,8.89,92,N/A
RS_S03_INC-1,8.8,94,N/A
RS_S03_INC-1,8.87,96,N/A
RS_S03_INC-1,8.87,98,N/A
RS_S03_INC-1,8.85,100,N/A
RS_S03_INC-1,8.88,102,N/A
RS_S03_INC-1,8.9,104,N/A
RS_S03_INC-1,8.84,106,N/A
RS_S03_INC-1,8.84,108,N/A
RS_S03_INC-1,8.86,110,N/A
RS_S04_INC-1,9.09,0,RATE_004
RS_S04_INC-1,7.54,2,RATE_006
RS_S04_INC-1,7.81,4,N/A
RS_S04_INC-1,7.54,6,N/A
RS_S04_INC-1,7.93,8,N/A
RS_S04_INC-1,7.5,10,N/A
RS_S04_INC-1,7.46,12,N/A
RS_S04_INC-1,7.57,14,N/A
RS_S04_INC-1,7.48,16,N/A
RS_S04_INC-1,7.42,18,N/A
RS_S04_INC-1,7.38,20,N/A
RS_S04_INC-1,7.33,22,N/A
RS_S04_INC-1,7.38,24,N/A
RS_S04_INC-1,7.34,26,N/A
RS_S04_INC-1,7.27,28,N/A
RS_S04_INC-1,7.45,30,N/A
RS_S04_INC-1,7.4,32,N/A
RS_S04_INC-1,7.42,34,N/A
RS_S04_INC-1,7.39,36,N/A
RS_S04_INC-1,7.18,38,N/A
RS_S04_INC-1,7.38,40,N/A
RS_S04_INC-1,7.34,42,N/A
RS_S04_INC-1,7.28,44,N/A
RS_S04_INC-1,7.41,46,N/A
RS_S04_INC-1,7.38,48,N/A
RS_S04_INC-1,7.42,50,N/A
RS_S04_INC-1,7.44,52,N/A
RS_S04_INC-1,7.27,54,N/A
RS_S04_INC-1,7.36,56,N/A
RS_S04_INC-1,7.41,58,N/A
RS_S04_INC-1,7.55,60,N/A
RS_S04_INC-1,7.42,62,N/A
RS_S04_INC-1,7.26,64,N/A
RS_S04_INC-1,7.49,66,N/A
RS_S04_INC-1,7.46,68,N/A
RS_S04_INC-1,7.34,70,N/A
RS_S04_INC-1,7.42,72,N/A
RS_S04_INC-1,7.22,74,N/A
RS_S04_INC-1,7.41,76,N/A
RS_S04_INC-1,7.37,78,N/A
RS_S04_INC-1,7.48,80,N/A
RS_S04_INC-1,7.32,82,N/A
RS_S04_INC-1,7.31,84,N/A
RS_S04_INC-1,7.49,86,N/A
RS_S04_INC-1,7.33,88,N/A
RS_S04_INC-1,7.5,90,N/A
RS_S04_INC-1,7.36,92,N/A
RS_S04_INC-1,7.32,94,N/A
RS_S04_INC-1,7.35,96,N/A
RS_S04_INC-1,7.35,98,N/A
RS_S04_INC-1,7.35,100,N/A
RS_S04_INC-1,7.36,102,N/A
RS_S04_INC-1,7.21,104,N/A
RS_S04_INC-1,7.34,106,N/A
RS_S04_INC-1,7.39,108,N/A
RS_S05_INC-1,9.09,0,RATE_004
RS_S05_INC-1,7.87,2,RATE_006
RS_S05_INC-1,7.67,4,N/A
RS_S05_INC-1,7.76,6,N/A
RS_S05_INC-1,7.69,8,N/A
RS_S05_INC-1,7.74,10,N/A
RS_S05_INC-1,7.75,12,N/A
RS_S05_INC-1,7.7,14,N/A
RS_S05_INC-1,7.79,16,N/A
RS_S05_INC-1,7.66,18,N/A
RS_S05_INC-1,7.66,20,N/A
RS_S05_INC-1,7.75,22,N/A
RS_S05_INC-1,7.69,24,N/A
RS_S05_INC-1,7.8,26,N/A
RS_S05_INC-1,7.63,28,N/A
RS_S05_INC-1,7.72,30,N/A
RS_S05_INC-1,7.59,32,N/A
RS_S05_INC-1,7.77,34,N/A
RS_S05_INC-1,7.65,36,N/A
RS_S05_INC-1,7.56,38,N/A
RS_S05_INC-1,7.53,40,N/A
RS_S05_INC-1,7.74,42,N/A
RS_S05_INC-1,7.69,44,N/A
RS_S05_INC-1,7.66,46,N/A
RS_S05_INC-1,7.63,48,N/A
RS_S05_INC-1,7.69,50,N/A
RS_S05_INC-1,7.57,52,N/A
RS_S05_INC-1,7.65,54,N/A
RS_S05_INC-1,7.68,56,N/A
RS_S05_INC-1,7.71,58,N/A
RS_S05_INC-1,7.57,60,N/A
RS_S05_INC-1,7.68,62,N/A
RS_S05_INC-1,7.6,64,N/A
RS_S05_INC-1,7.7,66,N/A
RS_S05_INC-1,7.52,68,N/A
RS_S05_INC-1,7.7,70,N/A
RS_S05_INC-1,7.59,72,N/A
RS_S05_INC-1,7.7,74,N/A
RS_S05_INC-1,7.61,76,N/A
RS_S05_INC-1,7.67,78,N/A
RS_S05_INC-1,7.53,80,N/A
RS_S05_INC-1,7.69,82,N/A
RS_S05_INC-1,7.63,84,N/A
RS_S05_INC-1,7.55,86,N/A
RS_S05_INC-1,7.6,88,N/A
RS_S05_INC-1,7.63,90,N/A
RS_S05_INC-1,7.56,92,N/A
RS_S05_INC-1,7.65,94,N/A
RS_S05_INC-1,7.71,96,N/A
RS_S05_INC-1,7.64,98,N/A
RS_S05_INC-1,7.59,100,N/A
RS_S05_INC-1,7.55,102,N/A
RS_S05_INC-1,7.71,104,N/A
RS_S05_INC-1,7.54,106,N/A
RS_S05_INC-1,7.59,108,N/A
RS_S05_INC-1,7.61,110,N/A
RS_S06_INC-1,9.09,0,RATE_004
RS_S06_INC-1,7.47,2,N/A
RS_S06_INC-1,7.28,4,N/A
RS_S06_INC-1,7.17,6,N/A
RS_S06_INC-1,7.38,8,N/A
RS_S06_INC-1,7.32,10,N/A
RS_S06_INC-1,7.33,12,N/A
RS_S06_INC-1,7.3,14,N/A
RS_S06_INC-1,7.36,16,N/A
RS_S06_INC-1,7.39,18,N/A
RS_S06_INC-1,7.52,20,N/A
RS_S06_INC-1,7.39,22,N/A
RS_S06_INC-1,7.34,24,N/A
RS_S06_INC-1,7.39,26,N/A
RS_S06_INC-1,7.51,28,N/A
RS_S06_INC-1,7.4,30,N/A
RS_S06_INC-1,7.37,32,N/A
RS_S06_INC-1,7.37,34,N/A
RS_S06_INC-1,7.56,36,N/A
RS_S06_INC-1,7.48,38,N/A
RS_S06_INC-1,7.41,40,N/A
RS_S06_INC-1,7.43,42,N/A
RS_S06_INC-1,7.65,44,N/A
RS_S06_INC-1,7.45,46,N/A
RS_S06_INC-1,7.4,48,N/A
RS_S06_INC-1,7.56,50,N/A
RS_S06_INC-1,7.47,52,N/A
RS_S06_INC-1,7.43,54,N/A
RS_S06_INC-1,7.49,56,N/A
RS_S06_INC-1,7.59,58,N/A
RS_S06_INC-1,7.5,60,N/A
RS_S06_INC-1,7.43,62,N/A
RS_S06_INC-1,7.6,64,N/A
RS_S06_INC-1,7.62,66,N/A
RS_S06_INC-1,7.46,68,N/A
RS_S06_INC-1,7.47,70,N/A
RS_S06_INC-1,7.65,72,N/A
RS_S06_INC-1,7.55,74,N/A
RS_S06_INC-1,7.45,76,N/A
RS_S06_INC-1,7.49,78,N/A
RS_S06_INC-1,7.52,80,N/A
RS_S06_INC-1,7.53,82,N/A
RS_S06_INC-1,7.5,84,N/A
RS_S06_INC-1,7.48,86,N/A
RS_S06_INC-1,7.57,88,N/A
RS_S06_INC-1,7.46,90,N/A
RS_S06_INC-1,7.47,92,N/A
RS_S06_INC-1,7.3,94,N/A
RS_S06_INC-1,7.61,96,N/A
RS_S06_INC-1,7.55,98,N/A
RS_S06_INC-1,7.5,100,N/A
RS_S06_INC-1,7.48,102,N/A
RS_S06_INC-1,7.61,104,N/A
RS_S06_INC-1,7.56,106,N/A
RS_S06_INC-1,7.46,108,N/A
RS_S07_INC-1,9.09,0,RATE_004
RS_S07_INC-1,8.99,2,RATE_006
RS_S07_INC-1,8.63,4,N/A
RS_S07_INC-1,8.83,6,N/A
RS_S07_INC-1,8.67,8,N/A
RS_S07_INC-1,8.83,10,N/A
RS_S07_INC-1,8.71,12,N/A
RS_S07_INC-1,8.79,14,N/A
RS_S07_INC-1,8.72,16,N/A
RS_S07_INC-1,8.93,18,N/A
RS_S07_INC-1,8.72,20,N/A
RS_S07_INC-1,8.93,22,N/A
RS_S07_INC-1,8.71,24,N/A
RS_S07_INC-1,8.78,26,N/A
RS_S07_INC-1,8.7,28,N/A
RS_S07_INC-1,8.76,30,N/A
RS_S07_INC-1,8.84,32,N/A
RS_S07_INC-1,8.73,34,N/A
RS_S07_INC-1,8.96,36,N/A
RS_S07_INC-1,8.66,38,N/A
RS_S07_INC-1,8.85,40,N/A
RS_S07_INC-1,8.67,42,N/A
RS_S07_INC-1,8.84,44,N/A
RS_S07_INC-1,8.78,46,N/A
RS_S07_INC-1,8.76,48,N/A
RS_S07_INC-1,8.76,50,N/A
RS_S07_INC-1,8.87,52,N/A
RS_S07_INC-1,8.72,54,N/A
RS_S07_INC-1,8.85,56,N/A
RS_S07_INC-1,8.95,58,N/A
RS_S07_INC-1,8.75,60,N/A
RS_S07_INC-1,8.9,62,N/A
RS_S07_INC-1,8.71,64,N/A
RS_S07_INC-1,8.7,66,N/A
RS_S07_INC-1,8.74,68,N/A
RS_S07_INC-1,8.89,70,N/A
RS_S07_INC-1,8.78,72,N/A
RS_S07_INC-1,8.72,74,N/A
RS_S07_INC-1,8.92,76,N/A
RS_S07_INC-1,8.75,78,N/A
RS_S07_INC-1,8.96,80,N/A
RS_S07_INC-1,8.71,82,N/A
RS_S07_INC-1,8.82,84,N/A
RS_S07_INC-1,8.81,86,N/A
RS_S07_INC-1,8.7,88,N/A
RS_S07_INC-1,8.98,90,N/A
RS_S07_INC-1,8.67,92,N/A
RS_S07_INC-1,8.9,94,N/A
RS_S07_INC-1,8.73,96,N/A
RS_S07_INC-1,8.73,98,N/A
RS_S07_INC-1,8.93,100,N/A
RS_S07_INC-1,8.77,102,N/A
RS_S07_INC-1,8.94,104,N/A
RS_S07_INC-1,8.8,106,N/A
RS_S07_INC-1,8.93,108,N/A
RS_S08_INC-1,9.09,0,RATE_004
RS_S08_INC-1,8.72,2,N/A
RS_S08_INC-1,8.75,4,N/A
RS_S08_INC-1,8.78,6,N/A
RS_S08_INC-1,8.62,8,N/A
RS_S08_INC-1,8.76,10,N/A
RS_S08_INC-1,8.65,12,N/A
RS_S08_INC-1,8.59,14,N/A
RS_S08_INC-1,8.68,16,N/A
RS_S08_INC-1,8.59,18,N/A
RS_S08_INC-1,8.58,20,N/A
RS_S08_INC-1,8.72,22,N/A
RS_S08_INC-1,8.68,24,N/A
RS_S08_INC-1,8.65,26,N/A
RS_S08_INC-1,8.8,28,N/A
RS_S08_INC-1,8.62,30,N/A
RS_S08_INC-1,8.62,32,N/A
RS_S08_INC-1,8.78,34,N/A
RS_S08_INC-1,8.73,36,N/A
RS_S08_INC-1,8.6,38,N/A
RS_S08_INC-1,8.77,40,N/A
RS_S08_INC-1,8.72,42,N/A
RS_S08_INC-1,8.68,44,N/A
RS_S08_INC-1,8.73,46,N/A
RS_S08_INC-1,8.7,48,N/A
RS_S08_INC-1,8.69,50,N/A
RS_S08_INC-1,8.73,52,N/A
RS_S08_INC-1,8.67,54,N/A
RS_S08_INC-1,8.6,56,N/A
RS_S08_INC-1,8.73,58,N/A
RS_S08_INC-1,8.66,60,N/A
RS_S08_INC-1,8.76,62,N/A
RS_S08_INC-1,8.68,64,N/A
RS_S08_INC-1,8.63,66,N/A
RS_S08_INC-1,8.69,68,N/A
RS_S08_INC-1,8.77,70,N/A
RS_S08_INC-1,8.75,72,N/A
RS_S08_INC-1,8.7,74,N/A
RS_S08_INC-1,8.68,76,N/A
RS_S08_INC-1,8.65,78,N/A
RS_S08_INC-1,8.71,80,N/A
RS_S08_INC-1,8.72,82,N/A
RS_S08_INC-1,8.67,84,N/A
RS_S08_INC-1,8.59,86,N/A
RS_S08_INC-1,8.82,88,N/A
RS_S08_INC-1,8.71,90,N/A
RS_S08_INC-1,8.67,92,N/A
RS_S08_INC-1,8.8,94,N/A
RS_S08_INC-1,8.7,96,N/A
RS_S08_INC-1,8.75,98,N/A
RS_S08_INC-1,8.7,100,N/A
RS_S08_INC-1,8.66,102,N/A
RS_S08_INC-1,8.61,104,N/A
RS_S08_INC-1,8.63,106,N/A
RS_S08_INC-1,8.73,108,N/A
RS_S09_INC-1,9.09,0,RATE_004
RS_S09_INC-1,7.86,2,RATE_006
RS_S09_INC-1,7.71,4,N/A
RS_S09_INC-1,7.71,6,N/A
RS_S09_INC-1,7.64,8,N/A
RS_S09_INC-1,7.71,10,N/A
RS_S09_INC-1,7.69,12,N/A
RS_S09_INC-1,7.75,14,N/A
RS_S09_INC-1,7.69,16,N/A
RS_S09_INC-1,7.7,18,N/A
RS_S09_INC-1,7.7,20,N/A
RS_S09_INC-1,7.69,22,N/A
RS_S09_INC-1,7.75,24,N/A
RS_S09_INC-1,7.72,26,N/A
RS_S09_INC-1,7.66,28,N/A
RS_S09_INC-1,7.68,30,N/A
RS_S09_INC-1,7.71,32,N/A
RS_S09_INC-1,7.66,34,N/A
RS_S09_INC-1,7.71,36,N/A
RS_S09_INC-1,7.6,38,N/A
RS_S09_INC-1,7.75,40,N/A
RS_S09_INC-1,7.66,42,N/A
RS_S09_INC-1,7.7,44,N/A
RS_S09_INC-1,7.72,46,N/A
RS_S09_INC-1,7.68,48,N/A
RS_S09_INC-1,7.76,50,N/A
RS_S09_INC-1,7.64,52,N/A
RS_S09_INC-1,7.69,54,N/A
RS_S09_INC-1,7.71,56,N/A
RS_S09_INC-1,7.6,58,N/A
RS_S09_INC-1,7.67,60,N/A
RS_S09_INC-1,7.73,62,N/A
RS_S09_INC-1,7.63,64,N/A
RS_S09_INC-1,7.69,66,N/A
RS_S09_INC-1,7.67,68,N/A
RS_S09_INC-1,7.68,70,N/A
RS_S09_INC-1,7.7,72,N/A
RS_S09_INC-1,7.64,74,N/A
RS_S09_INC-1,7.66,76,N/A
RS_S09_INC-1,7.68,78,N/A
RS_S09_INC-1,7.68,80,N/A
RS_S09_INC-1,7.65,82,N/A
RS_S09_INC-1,7.71,84,N/A
RS_S09_INC-1,7.7,86,N/A
RS_S09_INC-1,7.62,88,N/A
RS_S09_INC-1,7.66,90,N/A
RS_S09_INC-1,7.7,92,N/A
RS_S09_INC-1,7.71,94,N/A
RS_S09_INC-1,7.71,96,N/A
RS_S09_INC-1,7.74,98,N/A
RS_S09_INC-1,7.71,100,N/A
RS_S09_INC-1,7.66,102,N/A
RS_S09_INC-1,7.74,104,N/A
RS_S09_INC-1,7.69,106,N/A
RS_S09_INC-1,7.65,108,N/A
RS_S09_INC-1,7.69,110,N/A
RS_S10_INC-1,9.09,0,RATE_004
RS_S10_INC-1,8.57,2,N/A
RS_S10_INC-1,8.44,4,N/A
RS_S10_INC-1,8.56,6,N/A
RS_S10_INC-1,8.54,8,N/A
RS_S10_INC-1,8.65,10,N/A
RS_S10_INC-1,8.56,12,N/A
RS_S10_INC-1,8.54,14,N/A
RS_S10_INC-1,8.51,16,N/A
RS_S10_INC-1,8.56,18,N/A
RS_S10_INC-1,8.54,20,N/A
RS_S10_INC-1,8.54,22,N/A
RS_S10_INC-1,8.56,24,N/A
RS_S10_INC-1,8.49,26,N/A
RS_S10_INC-1,8.63,28,N/A
RS_S10_INC-1,8.5,30,N/A
RS_S10_INC-1,8.59,32,N/A
RS_S10_INC-1,8.55,34,N/A
RS_S10_INC-1,8.53,36,N/A
RS_S10_INC-1,8.46,38,N/A
RS_S10_INC-1,8.54,40,N/A
RS_S10_INC-1,8.49,42,N/A
RS_S10_INC-1,8.5,44,N/A
RS_S10_INC-1,8.54,46,N/A
RS_S10_INC-1,8.54,48,N/A
RS_S10_INC-1,8.54,50,N/A
RS_S10_INC-1,8.48,52,N/A
RS_S10_INC-1,8.61,54,N/A
RS_S10_INC-1,8.48,56,N/A
RS_S10_INC-1,8.52,58,N/A
RS_S10_INC-1,8.48,60,N/A
RS_S10_INC-1,8.56,62,N/A
RS_S10_INC-1,8.53,64,N/A
RS_S10_INC-1,8.54,66,N/A
RS_S10_INC-1,8.59,68,N/A
RS_S10_INC-1,8.55,70,N/A
RS_S10_INC-1,8.52,72,N/A
RS_S10_INC-1,8.46,74,N/A
RS_S10_INC-1,8.49,76,N/A
RS_S10_INC-1,8.5,78,N/A
RS_S10_INC-1,8.53,80,N/A
RS_S10_INC-1,8.48,82,N/A
RS_S10_INC-1,8.5,84,N/A
RS_S10_INC-1,8.54,86,N/A
RS_S10_INC-1,8.49,88,N/A
RS_S10_INC-1,8.56,90,N/A
RS_S10_INC-1,8.53,92,N/A
RS_S10_INC-1,8.52,94,N/A
RS_S10_INC-1,8.55,96,N/A
RS_S10_INC-1,8.53,98,N/A
RS_S10_INC-1,8.52,100,N/A
RS_S10_INC-1,8.41,102,N/A
RS_S10_INC-1,8.58,104,N/A
RS_S10_INC-1,8.5,106,N/A
RS_S10_INC-1,8.52,108,N/A
RS_S10_INC-1,8.57,110,N/A
RS_S11_INC-1,9.09,0,RATE_004
RS_S11_INC-1,8.93,2,N/A
RS_S11_INC-1,8.93,4,N/A
RS_S11_INC-1,9.08,6,N/A
RS_S11_INC-1,8.96,8,N/A
RS_S11_INC-1,8.87,10,N/A
RS_S11_INC-1,8.94,12,N/A
RS_S11_INC-1,8.88,14,N/A
RS_S11_INC-1,8.78,16,N/A
RS_S11_INC-1,8.78,18,N/A
RS_S11_INC-1,8.79,20,N/A
RS_S11_INC-1,8.8,22,N/A
RS_S11_INC-1,8.87,24,N/A
RS_S11_INC-1,8.84,26,N/A
RS_S11_INC-1,8.78,28,N/A
RS_S11_INC-1,8.77,30,N/A
RS_S11_INC-1,8.79,32,N/A
RS_S11_INC-1,8.71,34,N/A
RS_S11_INC-1,8.7,36,N/A
RS_S11_INC-1,8.83,38,N/A
RS_S11_INC-1,8.79,40,N/A
RS_S11_INC-1,8.66,42,N/A
RS_S11_INC-1,8.83,44,N/A
RS_S11_INC-1,8.68,46,N/A
RS_S11_INC-1,8.64,48,N/A
RS_S11_INC-1,8.59,50,N/A
RS_S11_INC-1,8.66,52,N/A
RS_S11_INC-1,8.67,54,N/A
RS_S11_INC-1,8.79,56,N/A
RS_S11_INC-1,8.67,58,N/A
RS_S11_INC-1,8.61,60,N/A
RS_S11_INC-1,8.71,62,N/A
RS_S11_INC-1,8.62,64,N/A
RS_S11_INC-1,8.64,66,N/A
RS_S11_INC-1,8.54,68,N/A
RS_S11_INC-1,8.69,70,N/A
RS_S11_INC-1,8.67,72,N/A
RS_S11_INC-1,8.74,74,N/A
RS_S11_INC-1,8.7,76,N/A
RS_S11_INC-1,8.6,78,N/A
RS_S11_INC-1,8.68,80,N/A
RS_S11_INC-1,8.59,82,N/A
RS_S11_INC-1,8.66,84,N/A
RS_S11_INC-1,8.57,86,N/A
RS_S11_INC-1,8.59,88,N/A
RS_S11_INC-1,8.53,90,N/A
RS_S11_INC-1,8.7,92,N/A
RS_S11_INC-1,8.69,94,N/A
RS_S11_INC-1,8.72,96,N/A
RS_S11_INC-1,8.62,98,N/A
RS_S11_INC-1,8.62,100,N/A
RS_S11_INC-1,8.69,102,N/A
RS_S11_INC-1,8.55,104,N/A
RS_S11_INC-1,8.57,106,N/A
RS_S11_INC-1,8.47,108,N/A
RS_S11_INC-1,8.73,110,N/A
RS_S12_INC-1,9.09,0,RATE_004
RS_S12_INC-1,9.97,2,RATE_006
RS_S12_INC-1,10.24,4,N/A
RS_S12_INC-1,10.13,6,N/A
RS_S12_INC-1,10.32,8,N/A
RS_S12_INC-1,10.18,10,N/A
RS_S12_INC-1,10.06,12,N/A
RS_S12_INC-1,10.13,14,N/A
RS_S12_INC-1,10.09,16,N/A
RS_S12_INC-1,10.25,18,N/A
RS_S12_INC-1,10.09,20,N/A
RS_S12_INC-1,10.08,22,N/A
RS_S12_INC-1,10.17,24,N/A
RS_S12_INC-1,10,26,N/A
RS_S12_INC-1,10.04,28,N/A
RS_S12_INC-1,10.03,30,N/A
RS_S12_INC-1,10.27,32,N/A
RS_S12_INC-1,10.01,34,N/A
RS_S12_INC-1,10.19,36,N/A
RS_S12_INC-1,10.03,38,N/A
RS_S12_INC-1,10.13,40,N/A
RS_S12_INC-1,9.9,42,N/A
RS_S12_INC-1,10.05,44,N/A
RS_S12_INC-1,10.13,46,N/A
RS_S12_INC-1,9.93,48,N/A
RS_S12_INC-1,10,50,N/A
RS_S12_INC-1,9.96,52,N/A
RS_S12_INC-1,10.07,54,N/A
RS_S12_INC-1,9.94,56,N/A
RS_S12_INC-1,10.12,58,N/A
RS_S12_INC-1,9.87,60,N/A
RS_S12_INC-1,9.99,62,N/A
RS_S12_INC-1,10.05,64,N/A
RS_S12_INC-1,10.01,66,N/A
RS_S12_INC-1,10.1,68,N/A
RS_S12_INC-1,9.82,70,N/A
RS_S12_INC-1,9.99,72,N/A
RS_S12_INC-1,9.76,74,N/A
RS_S12_INC-1,10,76,N/A
RS_S12_INC-1,9.82,78,N/A
RS_S12_INC-1,9.9,80,N/A
RS_S12_INC-1,9.88,82,N/A
RS_S12_INC-1,9.88,84,N/A
RS_S12_INC-1,9.93,86,N/A
RS_S12_INC-1,9.77,88,N/A
RS_S12_INC-1,10,90,N/A
RS_S12_INC-1,9.79,92,N/A
RS_S12_INC-1,9.92,94,N/A
RS_S12_INC-1,9.95,96,N/A
RS_S12_INC-1,9.88,98,N/A
RS_S12_INC-1,9.95,100,N/A
RS_S12_INC-1,9.83,102,N/A
RS_S12_INC-1,9.92,104,N/A
RS_S12_INC-1,9.86,106,N/A
RS_S12_INC-1,10.03,108,N/A
RS_S12_INC-1,9.77,110,N/A
RS_S13_INC-1,9.09,0,RATE_004
RS_S13_INC-1,8.61,2,RATE_006
RS_S13_INC-1,8.43,4,N/A
RS_S13_INC-1,8.51,6,N/A
RS_S13_INC-1,8.32,8,N/A
RS_S13_INC-1,8.43,10,N/A
RS_S13_INC-1,8.33,12,N/A
RS_S13_INC-1,8.44,14,N/A
RS_S13_INC-1,8.37,16,N/A
RS_S13_INC-1,8.39,18,N/A
RS_S13_INC-1,8.35,20,N/A
RS_S13_INC-1,8.3,22,N/A
RS_S13_INC-1,8.34,24,N/A
RS_S13_INC-1,8.25,26,N/A
RS_S13_INC-1,8.34,28,N/A
RS_S13_INC-1,8.29,30,N/A
RS_S13_INC-1,8.36,32,N/A
RS_S13_INC-1,8.29,34,N/A
RS_S13_INC-1,8.31,36,N/A
RS_S13_INC-1,8.33,38,N/A
RS_S13_INC-1,8.33,40,N/A
RS_S13_INC-1,8.42,42,N/A
RS_S13_INC-1,8.37,44,N/A
RS_S13_INC-1,8.34,46,N/A
RS_S13_INC-1,8.28,48,N/A
RS_S13_INC-1,8.25,50,N/A
RS_S13_INC-1,8.36,52,N/A
RS_S13_INC-1,8.32,54,N/A
RS_S13_INC-1,8.26,56,N/A
RS_S13_INC-1,8.26,58,N/A
RS_S13_INC-1,8.25,60,N/A
RS_S13_INC-1,8.41,62,N/A
RS_S13_INC-1,8.39,64,N/A
RS_S13_INC-1,8.36,66,N/A
RS_S13_INC-1,8.3,68,N/A
RS_S13_INC-1,8.26,70,N/A
RS_S13_INC-1,8.37,72,N/A
RS_S13_INC-1,8.38,74,N/A
RS_S13_INC-1,8.25,76,N/A
RS_S13_INC-1,8.32,78,N/A
RS_S13_INC-1,8.27,80,N/A
RS_S13_INC-1,8.35,82,N/A
RS_S13_INC-1,8.3,84,N/A
RS_S13_INC-1,8.23,86,N/A
RS_S13_INC-1,8.41,88,N/A
RS_S13_INC-1,8.34,90,N/A
RS_S13_INC-1,8.28,92,N/A
RS_S13_INC-1,8.33,94,N/A
RS_S13_INC-1,8.34,96,N/A
RS_S13_INC-1,8.32,98,N/A
RS_S13_INC-1,8.35,100,N/A
RS_S13_INC-1,8.3,102,N/A
RS_S13_INC-1,8.37,104,N/A
RS_S13_INC-1,8.28,106,N/A
RS_S13_INC-1,8.23,108,N/A
RS_S13_INC-1,8.28,110,N/A
RS_S14_INC-1,9.09,0,RATE_004
RS_S14_INC-1,8.3,2,RATE_006
RS_S14_INC-1,8.11,4,N/A
RS_S14_INC-1,8.18,6,N/A
RS_S14_INC-1,8.14,8,N/A
RS_S14_INC-1,8.14,10,N/A
RS_S14_INC-1,8.21,12,N/A
RS_S14_INC-1,8.21,14,N/A
RS_S14_INC-1,8.22,16,N/A
RS_S14_INC-1,8.21,18,N/A
RS_S14_INC-1,8.24,20,N/A
RS_S14_INC-1,8.18,22,N/A
RS_S14_INC-1,8.14,24,N/A
RS_S14_INC-1,8.17,26,N/A
RS_S14_INC-1,8.18,28,N/A
RS_S14_INC-1,8.22,30,N/A
RS_S14_INC-1,8.2,32,N/A
RS_S14_INC-1,8.21,34,N/A
RS_S14_INC-1,8.2,36,N/A
RS_S14_INC-1,8.17,38,N/A
RS_S14_INC-1,8.12,40,N/A
RS_S14_INC-1,8.12,42,N/A
RS_S14_INC-1,8.16,44,N/A
RS_S14_INC-1,8.18,46,N/A
RS_S14_INC-1,8.15,48,N/A
RS_S14_INC-1,8.25,50,N/A
RS_S14_INC-1,8.18,52,N/A
RS_S14_INC-1,8.17,54,N/A
RS_S14_INC-1,8.09,56,N/A
RS_S14_INC-1,8.23,58,N/A
RS_S14_INC-1,8.28,60,N/A
RS_S14_INC-1,8.1,62,N/A
RS_S14_INC-1,8.12,64,N/A
RS_S14_INC-1,8.19,66,N/A
RS_S14_INC-1,8.03,68,N/A
RS_S14_INC-1,8.22,70,N/A
RS_S14_INC-1,8.02,72,N/A
RS_S14_INC-1,7.94,74,N/A
RS_S14_INC-1,8.17,76,N/A
RS_S14_INC-1,8.04,78,N/A
RS_S14_INC-1,8.14,80,N/A
RS_S14_INC-1,8.07,82,N/A
RS_S14_INC-1,8.1,84,N/A
RS_S14_INC-1,8.2,86,N/A
RS_S14_INC-1,8.08,88,N/A
RS_S14_INC-1,8.07,90,N/A
RS_S14_INC-1,8.18,92,N/A
RS_S14_INC-1,8.04,94,N/A
RS_S14_INC-1,7.99,96,N/A
RS_S14_INC-1,8.02,98,N/A
RS_S14_INC-1,7.97,100,N/A
RS_S14_INC-1,8.1,102,N/A
RS_S14_INC-1,8.01,104,N/A
RS_S14_INC-1,7.94,106,N/A
RS_S14_INC-1,8.11,108,N/A
RS_S15_INC-1,9.09,0,RATE_004
RS_S15_INC-1,7.59,2,N/A
RS_S15_INC-1,7.87,4,N/A
RS_S15_INC-1,7.94,6,N/A
RS_S15_INC-1,8,8,N/A
RS_S15_INC-1,7.93,10,N/A
RS_S15_INC-1,8.04,12,N/A
RS_S15_INC-1,8,14,N/A
RS_S15_INC-1,7.97,16,N/A
RS_S15_INC-1,8.01,18,N/A
RS_S15_INC-1,8.02,20,N/A
RS_S15_INC-1,8,22,N/A
RS_S15_INC-1,8.06,24,N/A
RS_S15_INC-1,8.09,26,N/A
RS_S15_INC-1,8.04,28,N/A
RS_S15_INC-1,8.1,30,N/A
RS_S15_INC-1,8.11,32,N/A
RS_S15_INC-1,8.05,34,N/A
RS_S15_INC-1,8.1,36,N/A
RS_S15_INC-1,8.12,38,N/A
RS_S15_INC-1,8.04,40,N/A
RS_S15_INC-1,8.04,42,N/A
RS_S15_INC-1,8.06,44,N/A
RS_S15_INC-1,8.08,46,N/A
RS_S15_INC-1,8.13,48,N/A
RS_S15_INC-1,8.15,50,N/A
RS_S15_INC-1,8.11,52,N/A
RS_S15_INC-1,8.19,54,N/A
RS_S15_INC-1,8.08,56,N/A
RS_S15_INC-1,8.07,58,N/A
RS_S15_INC-1,8.16,60,N/A
RS_S15_INC-1,8.14,62,N/A
RS_S15_INC-1,8.23,64,N/A
RS_S15_INC-1,8.27,66,N/A
RS_S15_INC-1,8.12,68,N/A
RS_S15_INC-1,8.2,70,N/A
RS_S15_INC-1,8.2,72,N/A
RS_S15_INC-1,8.06,74,N/A
RS_S15_INC-1,8.26,76,N/A
RS_S15_INC-1,8.13,78,N/A
RS_S15_INC-1,8.13,80,N/A
RS_S15_INC-1,8.21,82,N/A
RS_S15_INC-1,8.18,84,N/A
RS_S15_INC-1,8.24,86,N/A
RS_S15_INC-1,8.2,88,N/A
RS_S15_INC-1,8.11,90,N/A
RS_S15_INC-1,8.31,92,N/A
RS_S15_INC-1,8.16,94,N/A
RS_S15_INC-1,8.12,96,N/A
RS_S15_INC-1,8.26,98,N/A
RS_S15_INC-1,8.14,100,N/A
RS_S15_INC-1,8.23,102,N/A
RS_S15_INC-1,8.21,104,N/A
RS_S15_INC-1,8.13,106,N/A
RS_S15_INC-1,8.3,108,N/A
RS_S15_INC-1,8.19,110,N/A
RS_S16_INC-1,9.09,0,RATE_004
RS_S16_INC-1,7.37,2,RATE_006
RS_S16_INC-1,7.25,4,N/A
RS_S16_INC-1,7.32,6,N/A
RS_S16_INC-1,7.27,8,N/A
RS_S16_INC-1,7.46,10,N/A
RS_S16_INC-1,7.39,12,N/A
RS_S16_INC-1,7.26,14,N/A
RS_S16_INC-1,7.16,16,N/A
RS_S16_INC-1,7.4,18,N/A
RS_S16_INC-1,7.58,20,N/A
RS_S16_INC-1,7.31,22,N/A
RS_S16_INC-1,7.2,24,N/A
RS_S16_INC-1,7.25,26,N/A
RS_S16_INC-1,7.68,28,N/A
RS_S16_INC-1,7.35,30,N/A
RS_S16_INC-1,7.27,32,N/A
RS_S16_INC-1,7.35,34,N/A
RS_S16_INC-1,7.67,36,N/A
RS_S16_INC-1,7.36,38,N/A
RS_S16_INC-1,7.25,40,N/A
RS_S16_INC-1,7.35,42,N/A
RS_S16_INC-1,7.57,44,N/A
RS_S16_INC-1,7.42,46,N/A
RS_S16_INC-1,7.31,48,N/A
RS_S16_INC-1,7.35,50,N/A
RS_S16_INC-1,7.5,52,N/A
RS_S16_INC-1,7.47,54,N/A
RS_S16_INC-1,7.31,56,N/A
RS_S16_INC-1,7.3,58,N/A
RS_S16_INC-1,7.51,60,N/A
RS_S16_INC-1,7.58,62,N/A
RS_S16_INC-1,7.3,64,N/A
RS_S16_INC-1,7.26,66,N/A
RS_S16_INC-1,7.37,68,N/A
RS_S16_INC-1,7.6,70,N/A
RS_S16_INC-1,7.44,72,N/A
RS_S16_INC-1,7.31,74,N/A
RS_S16_INC-1,7.33,76,N/A
RS_S16_INC-1,7.58,78,N/A
RS_S16_INC-1,7.46,80,N/A
RS_S16_INC-1,7.33,82,N/A
RS_S16_INC-1,7.26,84,N/A
RS_S16_INC-1,7.41,86,N/A
RS_S16_INC-1,7.54,88,N/A
RS_S16_INC-1,7.52,90,N/A
RS_S16_INC-1,7.33,92,N/A
RS_S16_INC-1,7.35,94,N/A
RS_S16_INC-1,7.49,96,N/A
RS_S16_INC-1,7.49,98,N/A
RS_S16_INC-1,7.35,100,N/A
RS_S16_INC-1,7.37,102,N/A
RS_S16_INC-1,7.39,104,N/A
RS_S16_INC-1,7.67,106,N/A
RS_S16_INC-1,7.52,108,N/A
RS_S16_INC-1,7.37,110,N/A
RS_S17_INC-1,9.09,0,RATE_004
RS_S17_INC-1,7.7,2,RATE_006
RS_S17_INC-1,7.28,4,N/A
RS_S17_INC-1,7.68,6,N/A
RS_S17_INC-1,7.48,8,N/A
RS_S17_INC-1,7.4,10,N/A
RS_S17_INC-1,7.61,12,N/A
RS_S17_INC-1,7.38,14,N/A
RS_S17_INC-1,7.34,16,N/A
RS_S17_INC-1,7.71,18,N/A
RS_S17_INC-1,7.24,20,N/A
RS_S17_INC-1,7.7,22,N/A
RS_S17_INC-1,7.51,24,N/A
RS_S17_INC-1,7.27,26,N/A
RS_S17_INC-1,7.58,28,N/A
RS_S17_INC-1,7.34,30,N/A
RS_S17_INC-1,7.4,32,N/A
RS_S17_INC-1,7.47,34,N/A
RS_S17_INC-1,7.23,36,N/A
RS_S17_INC-1,7.56,38,N/A
RS_S17_INC-1,7.27,40,N/A
RS_S17_INC-1,7.36,42,N/A
RS_S17_INC-1,7.48,44,N/A
RS_S17_INC-1,7.32,46,N/A
RS_S17_INC-1,7.26,48,N/A
RS_S17_INC-1,7.45,50,N/A
RS_S17_INC-1,7.26,52,N/A
RS_S17_INC-1,7.48,54,N/A
RS_S17_INC-1,7.43,56,N/A
RS_S17_INC-1,7.21,58,N/A
RS_S17_INC-1,7.68,60,N/A
RS_S17_INC-1,7.28,62,N/A
RS_S17_INC-1,7.45,64,N/A
RS_S17_INC-1,7.38,66,N/A
RS_S17_INC-1,7.22,68,N/A
RS_S17_INC-1,7.49,70,N/A
RS_S17_INC-1,7.25,72,N/A
RS_S17_INC-1,7.41,74,N/A
RS_S17_INC-1,7.33,76,N/A
RS_S17_INC-1,7.25,78,N/A
RS_S17_INC-1,7.48,80,N/A
RS_S17_INC-1,7.28,82,N/A
RS_S17_INC-1,7.4,84,N/A
RS_S17_INC-1,7.55,86,N/A
RS_S17_INC-1,7.27,88,N/A
RS_S17_INC-1,7.47,90,N/A
RS_S17_INC-1,7.34,92,N/A
RS_S17_INC-1,7.43,94,N/A
RS_S17_INC-1,7.39,96,N/A
RS_S17_INC-1,7.13,98,N/A
RS_S17_INC-1,7.45,100,N/A
RS_S17_INC-1,7.37,102,N/A
RS_S17_INC-1,7.33,104,N/A
RS_S17_INC-1,7.34,106,N/A
RS_S17_INC-1,7.19,108,N/A
RS_S18_INC-1,9.09,0,RATE_004
RS_S18_INC-1,8.93,2,N/A
RS_S18_INC-1,9.01,4,N/A
RS_S18_INC-1,8.9,6,N/A
RS_S18_INC-1,8.9,8,N/A
RS_S18_INC-1,9.05,10,N/A
RS_S18_INC-1,8.86,12,N/A
RS_S18_INC-1,8.9,14,N/A
RS_S18_INC-1,8.94,16,N/A
RS_S18_INC-1,8.96,18,N/A
RS_S18_INC-1,8.82,20,N/A
RS_S18_INC-1,9.02,22,N/A
RS_S18_INC-1,8.81,24,N/A
RS_S18_INC-1,8.97,26,N/A
RS_S18_INC-1,8.92,28,N/A
RS_S18_INC-1,8.87,30,N/A
RS_S18_INC-1,8.99,32,N/A
RS_S18_INC-1,8.94,34,N/A
RS_S18_INC-1,9.11,36,N/A
RS_S18_INC-1,9.03,38,N/A
RS_S18_INC-1,9.02,40,N/A
RS_S18_INC-1,8.97,42,N/A
RS_S18_INC-1,8.96,44,N/A
RS_S18_INC-1,8.82,46,N/A
RS_S18_INC-1,8.9,48,N/A
RS_S18_INC-1,8.93,50,N/A
RS_S18_INC-1,8.9,52,N/A
RS_S18_INC-1,8.94,54,N/A
RS_S18_INC-1,8.92,56,N/A
RS_S18_INC-1,8.97,58,N/A
RS_S18_INC-1,8.88,60,N/A
RS_S18_INC-1,8.98,62,N/A
RS_S18_INC-1,8.98,64,N/A
RS_S18_INC-1,8.98,66,N/A
RS_S18_INC-1,8.9,68,N/A
RS_S18_INC-1,8.84,70,N/A
RS_S18_INC-1,8.87,72,N/A
RS_S18_INC-1,8.85,74,N/A
RS_S18_INC-1,8.85,76,N/A
RS_S18_INC-1,8.72,78,N/A
RS_S18_INC-1,8.87,80,N/A
RS_S18_INC-1,8.89,82,N/A
RS_S18_INC-1,8.97,84,N/A
RS_S18_INC-1,8.96,86,N/A
RS_S18_INC-1,9.06,88,N/A
RS_S18_INC-1,8.86,90,N/A
RS_S18_INC-1,8.97,92,N/A
RS_S18_INC-1,8.96,94,N/A
RS_S18_INC-1,8.96,96,N/A
RS_S18_INC-1,8.87,98,N/A
RS_S18_INC-1,8.92,100,N/A
RS_S18_INC-1,9.04,102,N/A
RS_S18_INC-1,8.79,104,N/A
RS_S18_INC-1,8.86,106,N/A
RS_S18_INC-1,8.95,108,N/A
RS_S18_INC-1,8.96,110,N/A
RS_S19_INC-1,9.09,0,RATE_004
RS_S19_INC-1,8.72,2,RATE_006
RS_S19_INC-1,8.72,4,N/A
RS_S19_INC-1,8.56,6,N/A
RS_S19_INC-1,8.69,8,N/A
RS_S19_INC-1,8.45,10,N/A
RS_S19_INC-1,8.73,12,N/A
RS_S19_INC-1,8.44,14,N/A
RS_S19_INC-1,8.55,16,N/A
RS_S19_INC-1,8.57,18,N/A
RS_S19_INC-1,8.54,20,N/A
RS_S19_INC-1,8.64,22,N/A
RS_S19_INC-1,8.39,24,N/A
RS_S19_INC-1,8.47,26,N/A
RS_S19_INC-1,8.5,28,N/A
RS_S19_INC-1,8.43,30,N/A
RS_S19_INC-1,8.57,32,N/A
RS_S19_INC-1,8.31,34,N/A
RS_S19_INC-1,8.47,36,N/A
RS_S19_INC-1,8.49,38,N/A
RS_S19_INC-1,8.37,40,N/A
RS_S19_INC-1,8.44,42,N/A
RS_S19_INC-1,8.5,44,N/A
RS_S19_INC-1,8.42,46,N/A
RS_S19_INC-1,8.47,48,N/A
RS_S19_INC-1,8.39,50,N/A
RS_S19_INC-1,8.4,52,N/A
RS_S19_INC-1,8.39,54,N/A
RS_S19_INC-1,8.54,56,N/A
RS_S19_INC-1,8.3,58,N/A
RS_S19_INC-1,8.43,60,N/A
RS_S19_INC-1,8.43,62,N/A
RS_S19_INC-1,8.27,64,N/A
RS_S19_INC-1,8.43,66,N/A
RS_S19_INC-1,8.28,68,N/A
RS_S19_INC-1,8.45,70,N/A
RS_S19_INC-1,8.3,72,N/A
RS_S19_INC-1,8.24,74,N/A
RS_S19_INC-1,8.42,76,N/A
RS_S19_INC-1,8.28,78,N/A
RS_S19_INC-1,8.46,80,N/A
RS_S19_INC-1,8.21,82,N/A
RS_S19_INC-1,8.36,84,N/A
RS_S19_INC-1,8.28,86,N/A
RS_S19_INC-1,8.22,88,N/A
RS_S19_INC-1,8.31,90,N/A
RS_S19_INC-1,8.19,92,N/A
RS_S19_INC-1,8.4,94,N/A
RS_S19_INC-1,8.27,96,N/A
RS_S19_INC-1,8.42,98,N/A
RS_S19_INC-1,8.15,100,N/A
RS_S19_INC-1,8.26,102,N/A
RS_S19_INC-1,8.19,104,N/A
RS_S19_INC-1,8.22,106,N/A
RS_S19_INC-1,8.29,108,N/A
RS_S19_INC-1,8.24,110,N/A
RS_S20_INC-1,9.09,0,RATE_004
RS_S20_INC-1,11.1,2,N/A
RS_S20_INC-1,10.66,4,N/A
RS_S20_INC-1,11.2,6,N/A
RS_S20_INC-1,11.03,8,N/A
RS_S20_INC-1,11.05,10,N/A
RS_S20_INC-1,10.96,12,N/A
RS_S20_INC-1,11.48,14,N/A
RS_S20_INC-1,11.48,16,N/A
RS_S20_INC-1,10.74,18,N/A
RS_S20_INC-1,11.74,20,N/A
RS_S20_INC-1,11.22,22,N/A
RS_S20_INC-1,10.88,24,N/A
RS_S20_INC-1,11.32,26,N/A
RS_S20_INC-1,11.48,28,N/A
RS_S20_INC-1,11.18,30,N/A
RS_S20_INC-1,11,32,N/A
RS_S20_INC-1,11.74,34,N/A
RS_S20_INC-1,11.29,36,N/A
RS_S20_INC-1,11.31,38,N/A
RS_S20_INC-1,10.99,40,N/A
RS_S20_INC-1,11.71,42,N/A
RS_S20_INC-1,11.14,44,N/A
RS_S20_INC-1,10.95,46,N/A
RS_S20_INC-1,11.19,48,N/A
RS_S20_INC-1,11.66,50,N/A
RS_S20_INC-1,11.2,52,N/A
RS_S20_INC-1,10.96,54,N/A
RS_S20_INC-1,11.45,56,N/A
RS_S20_INC-1,11.6,58,N/A
RS_S20_INC-1,11.01,60,N/A
RS_S20_INC-1,11.17,62,N/A
RS_S20_INC-1,11.99,64,N/A
RS_S20_INC-1,11.16,66,N/A
RS_S20_INC-1,11.5,68,N/A
RS_S20_INC-1,11.17,70,N/A
RS_S20_INC-1,11.62,72,N/A
RS_S20_INC-1,11.2,74,N/A
RS_S20_INC-1,11.46,76,N/A
RS_S20_INC-1,10.86,78,N/A
RS_S20_INC-1,11.55,80,N/A
RS_S20_INC-1,11.25,82,N/A
RS_S20_INC-1,11.04,84,N/A
RS_S20_INC-1,11.12,86,N/A
RS_S20_INC-1,11.54,88,N/A
RS_S20_INC-1,11.26,90,N/A
RS_S20_INC-1,10.93,92,N/A
RS_S20_INC-1,11.6,94,N/A
RS_S20_INC-1,11.35,96,N/A
RS_S20_INC-1,11.23,98,N/A
RS_S20_INC-1,10.92,100,N/A
RS_S20_INC-1,11.51,102,N/A
RS_S20_INC-1,11.47,104,N/A
RS_S20_INC-1,11.25,106,N/A
RS_S20_INC-1,11.08,108,N/A
RS_S20_INC-1,11.69,110,N/A
RS_S21_INC-1,9.09,0,RATE_004
RS_S21_INC-1,8.66,2,RATE_006
RS_S21_INC-1,8.1,4,N/A
RS_S21_INC-1,8.18,6,N/A
RS_S21_INC-1,7.98,8,N/A
RS_S21_INC-1,7.87,10,N/A
RS_S21_INC-1,7.96,12,N/A
RS_S21_INC-1,7.98,14,N/A
RS_S21_INC-1,7.96,16,N/A
RS_S21_INC-1,7.89,18,N/A
RS_S21_INC-1,7.91,20,N/A
RS_S21_INC-1,7.87,22,N/A
RS_S21_INC-1,7.92,24,N/A
RS_S21_INC-1,7.73,26,N/A
RS_S21_INC-1,7.87,28,N/A
RS_S21_INC-1,7.97,30,N/A
RS_S21_INC-1,7.83,32,N/A
RS_S21_INC-1,7.91,34,N/A
RS_S21_INC-1,7.78,36,N/A
RS_S21_INC-1,7.82,38,N/A
RS_S21_INC-1,7.96,40,N/A
RS_S21_INC-1,7.76,42,N/A
RS_S21_INC-1,7.84,44,N/A
RS_S21_INC-1,7.9,46,N/A
RS_S21_INC-1,7.76,48,N/A
RS_S21_INC-1,7.84,50,N/A
RS_S21_INC-1,7.89,52,N/A
RS_S21_INC-1,7.78,54,N/A
RS_S21_INC-1,7.87,56,N/A
RS_S21_INC-1,7.83,58,N/A
RS_S21_INC-1,7.73,60,N/A
RS_S21_INC-1,7.86,62,N/A
RS_S21_INC-1,7.77,64,N/A
RS_S21_INC-1,7.79,66,N/A
RS_S21_INC-1,7.94,68,N/A
RS_S21_INC-1,7.72,70,N/A
RS_S21_INC-1,7.86,72,N/A
RS_S21_INC-1,7.89,74,N/A
RS_S21_INC-1,7.72,76,N/A
RS_S21_INC-1,7.78,78,N/A
RS_S21_INC-1,7.81,80,N/A
RS_S21_INC-1,7.7,82,N/A
RS_S21_INC-1,7.75,84,N/A
RS_S21_INC-1,7.75,86,N/A
RS_S21_INC-1,7.73,88,N/A
RS_S21_INC-1,7.93,90,N/A
RS_S21_INC-1,7.69,92,N/A
RS_S21_INC-1,7.81,94,N/A
RS_S21_INC-1,7.9,96,N/A
RS_S21_INC-1,7.72,98,N/A
RS_S21_INC-1,7.78,100,N/A
RS_S21_INC-1,7.73,102,N/A
RS_S21_INC-1,7.76,104,N/A
RS_S21_INC-1,7.8,106,N/A
RS_S21_INC-1,7.7,108,N/A
RS_S21_INC-1,7.82,110,N/A
RS_S22_INC-1,9.09,0,RATE_004
RS_S22_INC-1,9.84,2,RATE_006
RS_S22_INC-1,9.41,4,N/A
RS_S22_INC-1,9.63,6,N/A
RS_S22_INC-1,9.53,8,N/A
RS_S22_INC-1,9.75,10,N/A
RS_S22_INC-1,9.73,12,N/A
RS_S22_INC-1,9.61,14,N/A
RS_S22_INC-1,9.69,16,N/A
RS_S22_INC-1,9.55,18,N/A
RS_S22_INC-1,9.72,20,N/A
RS_S22_INC-1,9.67,22,N/A
RS_S22_INC-1,9.52,24,N/A
RS_S22_INC-1,9.61,26,N/A
RS_S22_INC-1,9.68,28,N/A
RS_S22_INC-1,9.61,30,N/A
RS_S22_INC-1,9.72,32,N/A
RS_S22_INC-1,9.52,34,N/A
RS_S22_INC-1,9.72,36,N/A
RS_S22_INC-1,9.61,38,N/A
RS_S22_INC-1,9.4,40,N/A
RS_S22_INC-1,9.65,42,N/A
RS_S22_INC-1,9.61,44,N/A
RS_S22_INC-1,9.58,46,N/A
RS_S22_INC-1,9.68,48,N/A
RS_S22_INC-1,9.6,50,N/A
RS_S22_INC-1,9.6,52,N/A
RS_S22_INC-1,9.57,54,N/A
RS_S22_INC-1,9.58,56,N/A
RS_S22_INC-1,9.65,58,N/A
RS_S22_INC-1,9.6,60,N/A
RS_S22_INC-1,9.52,62,N/A
RS_S22_INC-1,9.58,64,N/A
RS_S22_INC-1,9.59,66,N/A
RS_S22_INC-1,9.41,68,N/A
RS_S22_INC-1,9.63,70,N/A
RS_S22_INC-1,9.64,72,N/A
RS_S22_INC-1,9.43,74,N/A
RS_S22_INC-1,9.62,76,N/A
RS_S22_INC-1,9.65,78,N/A
RS_S22_INC-1,9.46,80,N/A
RS_S22_INC-1,9.61,82,N/A
RS_S22_INC-1,9.62,84,N/A
RS_S22_INC-1,9.5,86,N/A
RS_S22_INC-1,9.62,88,N/A
RS_S22_INC-1,9.58,90,N/A
RS_S22_INC-1,9.58,92,N/A
RS_S22_INC-1,9.62,94,N/A
RS_S22_INC-1,9.49,96,N/A
RS_S22_INC-1,9.52,98,N/A
RS_S22_INC-1,9.58,100,N/A
RS_S22_INC-1,9.45,102,N/A
RS_S22_INC-1,9.58,104,N/A
RS_S22_INC-1,9.55,106,N/A
RS_S22_INC-1,9.5,108,N/A
RS_S22_INC-1,9.45,110,N/A
RS_S23_INC-1,9.09,0,RATE_004
RS_S23_INC-1,8.29,2,N/A
RS_S23_INC-1,8.26,4,N/A
RS_S23_INC-1,8.19,6,N/A
RS_S23_INC-1,8.15,8,N/A
RS_S23_INC-1,8.11,10,N/A
RS_S23_INC-1,8.11,12,N/A
RS_S23_INC-1,7.81,14,N/A
RS_S23_INC-1,7.86,16,N/A
RS_S23_INC-1,7.75,18,N/A
RS_S23_INC-1,7.94,20,N/A
RS_S23_INC-1,7.83,22,N/A
RS_S23_INC-1,7.88,24,N/A
RS_S23_INC-1,7.75,26,N/A
RS_S23_INC-1,7.89,28,N/A
RS_S23_INC-1,7.72,30,N/A
RS_S23_INC-1,7.96,32,N/A
RS_S23_INC-1,7.72,34,N/A
RS_S23_INC-1,7.91,36,N/A
RS_S23_INC-1,7.78,38,N/A
RS_S23_INC-1,7.91,40,N/A
RS_S23_INC-1,7.85,42,N/A
RS_S23_INC-1,7.9,44,N/A
RS_S23_INC-1,7.84,46,N/A
RS_S23_INC-1,7.93,48,N/A
RS_S23_INC-1,7.93,50,N/A
RS_S23_INC-1,7.95,52,N/A
RS_S23_INC-1,7.92,54,N/A
RS_S23_INC-1,7.85,56,N/A
RS_S23_INC-1,8.03,58,N/A
RS_S23_INC-1,7.96,60,N/A
RS_S23_INC-1,7.95,62,N/A
RS_S23_INC-1,7.92,64,N/A
RS_S23_INC-1,7.89,66,N/A
RS_S23_INC-1,7.9,68,N/A
RS_S23_INC-1,7.92,70,N/A
RS_S23_INC-1,7.82,72,N/A
RS_S23_INC-1,7.87,74,N/A
RS_S23_INC-1,7.8,76,N/A
RS_S23_INC-1,7.81,78,N/A
RS_S23_INC-1,7.77,80,N/A
RS_S23_INC-1,7.92,82,N/A
RS_S23_INC-1,7.83,84,N/A
RS_S23_INC-1,7.84,86,N/A
RS_S23_INC-1,7.85,88,N/A
RS_S23_INC-1,7.82,90,N/A
RS_S23_INC-1,7.88,92,N/A
RS_S23_INC-1,7.81,94,N/A
RS_S23_INC-1,7.83,96,N/A
RS_S23_INC-1,7.79,98,N/A
RS_S23_INC-1,7.85,100,N/A
RS_S23_INC-1,7.83,102,N/A
RS_S23_INC-1,7.85,104,N/A
RS_S23_INC-1,7.9,106,N/A
RS_S23_INC-1,7.92,108,N/A
RS_S24_INC-1,9.09,0,RATE_004
RS_S24_INC-1,8.76,2,N/A
RS_S24_INC-1,8.73,4,N/A
RS_S24_INC-1,8.41,6,N/A
RS_S24_INC-1,8.58,8,N/A
RS_S24_INC-1,8.47,10,N/A
RS_S24_INC-1,8.57,12,N/A
RS_S24_INC-1,8.48,14,N/A
RS_S24_INC-1,8.46,16,N/A
RS_S24_INC-1,8.49,18,N/A
RS_S24_INC-1,8.44,20,N/A
RS_S24_INC-1,8.46,22,N/A
RS_S24_INC-1,8.41,24,N/A
RS_S24_INC-1,8.42,26,N/A
RS_S24_INC-1,8.25,28,N/A
RS_S24_INC-1,8.42,30,N/A
RS_S24_INC-1,8.32,32,N/A
RS_S24_INC-1,8.37,34,N/A
RS_S24_INC-1,8.31,36,N/A
RS_S24_INC-1,8.49,38,N/A
RS_S24_INC-1,8.43,40,N/A
RS_S24_INC-1,8.38,42,N/A
RS_S24_INC-1,8.53,44,N/A
RS_S24_INC-1,8.4,46,N/A
RS_S24_INC-1,8.41,48,N/A
RS_S24_INC-1,8.33,50,N/A
RS_S24_INC-1,8.37,52,N/A
RS_S24_INC-1,8.25,54,N/A
RS_S24_INC-1,8.46,56,N/A
RS_S24_INC-1,8.24,58,N/A
RS_S24_INC-1,8.4,60,N/A
RS_S24_INC-1,8.41,62,N/A
RS_S24_INC-1,8.33,64,N/A
RS_S24_INC-1,8.4,66,N/A
RS_S24_INC-1,8.38,68,N/A
RS_S24_INC-1,8.35,70,N/A
RS_S24_INC-1,8.22,72,N/A
RS_S24_INC-1,8.38,74,N/A
RS_S24_INC-1,8.33,76,N/A
RS_S24_INC-1,8.37,78,N/A
RS_S24_INC-1,8.47,80,N/A
RS_S24_INC-1,8.29,82,N/A
RS_S24_INC-1,8.32,84,N/A
RS_S24_INC-1,8.24,86,N/A
RS_S24_INC-1,8.32,88,N/A
RS_S24_INC-1,8.42,90,N/A
RS_S24_INC-1,8.35,92,N/A
RS_S24_INC-1,8.44,94,N/A
RS_S24_INC-1,8.28,96,N/A
RS_S24_INC-1,8.33,98,N/A
RS_S24_INC-1,8.21,100,N/A
RS_S24_INC-1,8.31,102,N/A
RS_S24_INC-1,8.36,104,N/A
RS_S24_INC-1,8.29,106,N/A
RS_S24_INC-1,8.41,108,N/A
RS_S24_INC-1,8.22,110,N/A
RS_S25_INC-1,9.09,0,RATE_004
RS_S25_INC-1,8.66,2,RATE_006
RS_S25_INC-1,8.73,4,N/A
RS_S25_INC-1,8.75,6,N/A
RS_S25_INC-1,8.74,8,N/A
RS_S25_INC-1,8.79,10,N/A
RS_S25_INC-1,8.78,12,N/A
RS_S25_INC-1,8.79,14,N/A
RS_S25_INC-1,8.79,16,N/A
RS_S25_INC-1,8.84,18,N/A
RS_S25_INC-1,8.77,20,N/A
RS_S25_INC-1,8.82,22,N/A
RS_S25_INC-1,8.8,24,N/A
RS_S25_INC-1,8.87,26,N/A
RS_S25_INC-1,8.83,28,N/A
RS_S25_INC-1,8.9,30,N/A
RS_S25_INC-1,8.83,32,N/A
RS_S25_INC-1,8.85,34,N/A
RS_S25_INC-1,8.83,36,N/A
RS_S25_INC-1,8.87,38,N/A
RS_S25_INC-1,8.84,40,N/A
RS_S25_INC-1,8.81,42,N/A
RS_S25_INC-1,8.83,44,N/A
RS_S25_INC-1,8.84,46,N/A
RS_S25_INC-1,8.82,48,N/A
RS_S25_INC-1,8.84,50,N/A
RS_S25_INC-1,8.82,52,N/A
RS_S25_INC-1,8.85,54,N/A
RS_S25_INC-1,8.81,56,N/A
RS_S25_INC-1,8.83,58,N/A
RS_S25_INC-1,8.83,60,N/A
RS_S25_INC-1,8.91,62,N/A
RS_S25_INC-1,8.81,64,N/A
RS_S25_INC-1,8.84,66,N/A
RS_S25_INC-1,8.79,68,N/A
RS_S25_INC-1,8.85,70,N/A
RS_S25_INC-1,8.87,72,N/A
RS_S25_INC-1,8.82,74,N/A
RS_S25_INC-1,8.81,76,N/A
RS_S25_INC-1,8.84,78,N/A
RS_S25_INC-1,8.85,80,N/A
RS_S25_INC-1,8.81,82,N/A
RS_S25_INC-1,8.8,84,N/A
RS_S25_INC-1,8.83,86,N/A
RS_S25_INC-1,8.87,88,N/A
RS_S25_INC-1,8.86,90,N/A
RS_S25_INC-1,8.81,92,N/A
RS_S25_INC-1,8.85,94,N/A
RS_S25_INC-1,8.84,96,N/A
RS_S25_INC-1,8.86,98,N/A
RS_S25_INC-1,8.82,100,N/A
RS_S25_INC-1,8.88,102,N/A
RS_S25_INC-1,8.86,104,N/A
RS_S25_INC-1,8.9,106,N/A
RS_S25_INC-1,8.81,108,N/A
RS_S25_INC-1,8.93,110,N/A
RS_S26_INC-1,9.09,0,RATE_004
RS_S26_INC-1,7.76,2,N/A
RS_S26_INC-1,7.71,4,N/A
RS_S26_INC-1,7.68,6,N/A
RS_S26_INC-1,7.74,8,N/A
RS_S26_INC-1,7.73,10,N/A
RS_S26_INC-1,7.81,12,N/A
RS_S26_INC-1,7.69,14,N/A
RS_S26_INC-1,7.69,16,N/A
RS_S26_INC-1,7.68,18,N/A
RS_S26_INC-1,7.68,20,N/A
RS_S26_INC-1,7.71,22,N/A
RS_S26_INC-1,7.71,24,N/A
RS_S26_INC-1,7.72,26,N/A
RS_S26_INC-1,7.6,28,N/A
RS_S26_INC-1,7.72,30,N/A
RS_S26_INC-1,7.67,32,N/A
RS_S26_INC-1,7.62,34,N/A
RS_S26_INC-1,7.62,36,N/A
RS_S26_INC-1,7.75,38,N/A
RS_S26_INC-1,7.77,40,N/A
RS_S26_INC-1,7.61,42,N/A
RS_S26_INC-1,7.67,44,N/A
RS_S26_INC-1,7.68,46,N/A
RS_S26_INC-1,7.58,48,N/A
RS_S26_INC-1,7.6,50,N/A
RS_S26_INC-1,7.65,52,N/A
RS_S26_INC-1,7.67,54,N/A
RS_S26_INC-1,7.59,56,N/A
RS_S26_INC-1,7.56,58,N/A
RS_S26_INC-1,7.57,60,N/A
RS_S26_INC-1,7.62,62,N/A
RS_S26_INC-1,7.64,64,N/A
RS_S26_INC-1,7.54,66,N/A
RS_S26_INC-1,7.58,68,N/A
RS_S26_INC-1,7.64,70,N/A
RS_S26_INC-1,7.59,72,N/A
RS_S26_INC-1,7.64,74,N/A
RS_S26_INC-1,7.56,76,N/A
RS_S26_INC-1,7.64,78,N/A
RS_S26_INC-1,7.6,80,N/A
RS_S26_INC-1,7.62,82,N/A
RS_S26_INC-1,7.56,84,N/A
RS_S26_INC-1,7.68,86,N/A
RS_S26_INC-1,7.61,88,N/A
RS_S26_INC-1,7.59,90,N/A
RS_S26_INC-1,7.56,92,N/A
RS_S26_INC-1,7.68,94,N/A
RS_S26_INC-1,7.62,96,N/A
RS_S26_INC-1,7.58,98,N/A
RS_S26_INC-1,7.61,100,N/A
RS_S26_INC-1,7.61,102,N/A
RS_S26_INC-1,7.64,104,N/A
RS_S26_INC-1,7.55,106,N/A
RS_S26_INC-1,7.62,108,N/A
RS_S26_INC-1,7.6,110,N/A
RS_S27_INC-1,9.09,0,RATE_004
RS_S27_INC-1,7.58,2,RATE_006
RS_S27_INC-1,7.52,4,N/A
RS_S27_INC-1,7.51,6,N/A
RS_S27_INC-1,7.39,8,N/A
RS_S27_INC-1,7.39,10,N/A
RS_S27_INC-1,7.4,12,N/A
RS_S27_INC-1,7.55,14,N/A
RS_S27_INC-1,7.51,16,N/A
RS_S27_INC-1,7.46,18,N/A
RS_S27_INC-1,7.33,20,N/A
RS_S27_INC-1,7.47,22,N/A
RS_S27_INC-1,7.4,24,N/A
RS_S27_INC-1,7.47,26,N/A
RS_S27_INC-1,7.54,28,N/A
RS_S27_INC-1,7.49,30,N/A
RS_S27_INC-1,7.48,32,N/A
RS_S27_INC-1,7.33,34,N/A
RS_S27_INC-1,7.45,36,N/A
RS_S27_INC-1,7.43,38,N/A
RS_S27_INC-1,7.56,40,N/A
RS_S27_INC-1,7.59,42,N/A
RS_S27_INC-1,7.38,44,N/A
RS_S27_INC-1,7.47,46,N/A
RS_S27_INC-1,7.46,48,N/A
RS_S27_INC-1,7.51,50,N/A
RS_S27_INC-1,7.55,52,N/A
RS_S27_INC-1,7.53,54,N/A
RS_S27_INC-1,7.49,56,N/A
RS_S27_INC-1,7.45,58,N/A
RS_S27_INC-1,7.49,60,N/A
RS_S27_INC-1,7.51,62,N/A
RS_S27_INC-1,7.45,64,N/A
RS_S27_INC-1,7.36,66,N/A
RS_S27_INC-1,7.41,68,N/A
RS_S27_INC-1,7.42,70,N/A
RS_S27_INC-1,7.55,72,N/A
RS_S27_INC-1,7.49,74,N/A
RS_S27_INC-1,7.5,76,N/A
RS_S27_INC-1,7.56,78,N/A
RS_S27_INC-1,7.52,80,N/A
RS_S27_INC-1,7.45,82,N/A
RS_S27_INC-1,7.61,84,N/A
RS_S27_INC-1,7.45,86,N/A
RS_S27_INC-1,7.52,88,N/A
RS_S27_INC-1,7.42,90,N/A
RS_S27_INC-1,7.47,92,N/A
RS_S27_INC-1,7.43,94,N/A
RS_S27_INC-1,7.45,96,N/A
RS_S27_INC-1,7.5,98,N/A
RS_S27_INC-1,7.62,100,N/A
RS_S27_INC-1,7.6,102,N/A
RS_S27_INC-1,7.49,104,N/A
RS_S27_INC-1,7.52,106,N/A
RS_S27_INC-1,7.56,108,N/A
RS_S27_INC-1,7.69,110,N/A
RS_S28_INC-1,9.09,0,RATE_004
RS_S28_INC-1,7.68,2,RATE_006
RS_S28_INC-1,7.85,4,N/A
RS_S28_INC-1,7.77,6,N/A
RS_S28_INC-1,7.69,8,N/A
RS_S28_INC-1,7.74,10,N/A
RS_S28_INC-1,7.79,12,N/A
RS_S28_INC-1,7.73,14,N/A
RS_S28_INC-1,7.68,16,N/A
RS_S28_INC-1,7.75,18,N/A
RS_S28_INC-1,7.73,20,N/A
RS_S28_INC-1,7.73,22,N/A
RS_S28_INC-1,7.72,24,N/A
RS_S28_INC-1,7.73,26,N/A
RS_S28_INC-1,7.65,28,N/A
RS_S28_INC-1,7.77,30,N/A
RS_S28_INC-1,7.75,32,N/A
RS_S28_INC-1,7.74,34,N/A
RS_S28_INC-1,7.72,36,N/A
RS_S28_INC-1,7.79,38,N/A
RS_S28_INC-1,7.73,40,N/A
RS_S28_INC-1,7.74,42,N/A
RS_S28_INC-1,7.75,44,N/A
RS_S28_INC-1,7.77,46,N/A
RS_S28_INC-1,7.79,48,N/A
RS_S28_INC-1,7.69,50,N/A
RS_S28_INC-1,7.83,52,N/A
RS_S28_INC-1,7.76,54,N/A
RS_S28_INC-1,7.77,56,N/A
RS_S28_INC-1,7.83,58,N/A
RS_S28_INC-1,7.78,60,N/A
RS_S28_INC-1,7.76,62,N/A
RS_S28_INC-1,7.81,64,N/A
RS_S28_INC-1,7.8,66,N/A
RS_S28_INC-1,7.71,68,N/A
RS_S28_INC-1,7.8,70,N/A
RS_S28_INC-1,7.79,72,N/A
RS_S28_INC-1,7.76,74,N/A
RS_S28_INC-1,7.75,76,N/A
RS_S28_INC-1,7.84,78,N/A
RS_S28_INC-1,7.71,80,N/A
RS_S28_INC-1,7.72,82,N/A
RS_S28_INC-1,7.8,84,N/A
RS_S28_INC-1,7.77,86,N/A
RS_S28_INC-1,7.79,88,N/A
RS_S28_INC-1,7.78,90,N/A
RS_S28_INC-1,7.76,92,N/A
RS_S28_INC-1,7.8,94,N/A
RS_S28_INC-1,7.78,96,N/A
RS_S28_INC-1,7.78,98,N/A
RS_S28_INC-1,7.78,100,N/A
RS_S28_INC-1,7.78,102,N/A
RS_S28_INC-1,7.84,104,N/A
RS_S28_INC-1,7.78,106,N/A
RS_S28_INC-1,7.76,108,N/A
RS_S28_INC-1,7.98,110,N/A
RS_S29_INC-1,9.09,0,RATE_004
RS_S29_INC-1,8.91,2,N/A
RS_S29_INC-1,8.76,4,N/A
RS_S29_INC-1,8.79,6,N/A
RS_S29_INC-1,8.73,8,N/A
RS_S29_INC-1,8.71,10,N/A
RS_S29_INC-1,8.81,12,N/A
RS_S29_INC-1,8.87,14,N/A
RS_S29_INC-1,8.96,16,N/A
RS_S29_INC-1,8.92,18,N/A
RS_S29_INC-1,8.93,20,N/A
RS_S29_INC-1,8.83,22,N/A
RS_S29_INC-1,8.81,24,N/A
RS_S29_INC-1,8.93,26,N/A
RS_S29_INC-1,8.84,28,N/A
RS_S29_INC-1,8.9,30,N/A
RS_S29_INC-1,8.79,32,N/A
RS_S29_INC-1,8.94,34,N/A
RS_S29_INC-1,8.72,36,N/A
RS_S29_INC-1,8.74,38,N/A
RS_S29_INC-1,8.96,40,N/A
RS_S29_INC-1,8.82,42,N/A
RS_S29_INC-1,8.83,44,N/A
RS_S29_INC-1,8.97,46,N/A
RS_S29_INC-1,8.88,48,N/A
RS_S29_INC-1,8.87,50,N/A
RS_S29_INC-1,8.8,52,N/A
RS_S29_INC-1,8.78,54,N/A
RS_S29_INC-1,8.76,56,N/A
RS_S29_INC-1,8.91,58,N/A
RS_S29_INC-1,8.9,60,N/A
RS_S29_INC-1,8.87,62,N/A
RS_S29_INC-1,8.87,64,N/A
RS_S29_INC-1,8.96,66,N/A
RS_S29_INC-1,8.9,68,N/A
RS_S29_INC-1,8.75,70,N/A
RS_S29_INC-1,8.74,72,N/A
RS_S29_INC-1,8.85,74,N/A
RS_S29_INC-1,8.79,76,N/A
RS_S29_INC-1,8.86,78,N/A
RS_S29_INC-1,8.96,80,N/A
RS_S29_INC-1,8.99,82,N/A
RS_S29_INC-1,8.82,84,N/A
RS_S29_INC-1,8.86,86,N/A
RS_S29_INC-1,8.76,88,N/A
RS_S29_INC-1,8.86,90,N/A
RS_S29_INC-1,8.83,92,N/A
RS_S29_INC-1,8.88,94,N/A
RS_S29_INC-1,8.99,96,N/A
RS_S29_INC-1,8.93,98,N/A
RS_S29_INC-1,8.88,100,N/A
RS_S29_INC-1,8.84,102,N/A
RS_S29_INC-1,8.77,104,N/A
RS_S29_INC-1,8.78,106,N/A
RS_S29_INC-1,8.92,108,N/A
RS_S29_INC-1,8.89,110,N/A
